url,final_url,language,dir,title,meta_description,h1,canonical,template_type,status_code,redirect_chain,hreflang_count,in_sitemap,word_count,error
https://coralworld.co.il/ar/category/%d8%ba%d9%8a%d8%b1-%d9%85%d8%b5%d9%86%d9%81/,https://coralworld.co.il/ar/category/%d8%ba%d9%8a%d8%b1-%d9%85%d8%b5%d9%86%d9%81/,ar,,,,,,error,0,,0,n,,"browserContext.newPage: Target page, context or browser has been closed"
https://coralworld.co.il/de/category/unkategorisiert/,https://coralworld.co.il/de/category/unkategorisiert/,de,,,,,,error,0,,0,n,,"browserContext.newPage: Target page, context or browser has been closed"
https://coralworld.co.il/en,https://coralworld.co.il/en,en,,,,,,error,0,,0,n,,"browserContext.newPage: Target page, context or browser has been closed"
https://coralworld.co.il/en/,https://coralworld.co.il/en/,en,ltr,Eilat Coral World | The Underwater Observatory Tower,"Your Window to the Red Sea: Discover family-friendly wonders at the Underwater Observatory Eilat: corals, sharks, turtles, rare fish, and much more aquatic fun!",Go underwater and see the reef without getting wet!,https://coralworld.co.il/en/,home,200,,3,y,859,
https://coralworld.co.il/en/%d7%91%d7%a2%d7%9c%d7%99-%d7%97%d7%99%d7%99%d7%9d-%d7%90%d7%a8%d7%a1%d7%99%d7%99%d7%9d-%d7%94%d7%a0%d7%a9%d7%a7-%d7%a9%d7%9c-%d7%94%d7%90%d7%99%d7%98%d7%99%d7%99%d7%9d/,https://coralworld.co.il/en/%d7%91%d7%a2%d7%9c%d7%99-%d7%97%d7%99%d7%99%d7%9d-%d7%90%d7%a8%d7%a1%d7%99%d7%99%d7%9d-%d7%94%d7%a0%d7%a9%d7%a7-%d7%a9%d7%9c-%d7%94%d7%90%d7%99%d7%98%d7%99%d7%99%d7%9d/,en,,,,,,error,0,,0,n,,"browserContext.newPage: Target page, context or browser has been closed"
https://coralworld.co.il/en/%D7%91%D7%A2%D7%9C%D7%99-%D7%97%D7%99%D7%99%D7%9D-%D7%90%D7%A8%D7%A1%D7%99%D7%99%D7%9D-%D7%94%D7%A0%D7%A9%D7%A7-%D7%A9%D7%9C-%D7%94%D7%90%D7%99%D7%98%D7%99%D7%99%D7%9D/,https://coralworld.co.il/en/%D7%91%D7%A2%D7%9C%D7%99-%D7%97%D7%99%D7%99%D7%9D-%D7%90%D7%A8%D7%A1%D7%99%D7%99%D7%9D-%D7%94%D7%A0%D7%A9%D7%A7-%D7%A9%D7%9C-%D7%94%D7%90%D7%99%D7%98%D7%99%D7%99%D7%9D/,en,ltr,בעלי חיים ארסיים – הנשק של האיטיים | The Underwater Observatory Tower,,בעלי חיים ארסיים – הנשק של האיטיים,https://coralworld.co.il/%d7%91%d7%a2%d7%9c%d7%99-%d7%97%d7%99%d7%99%d7%9d-%d7%90%d7%a8%d7%a1%d7%99%d7%99%d7%9d-%d7%94%d7%a0%d7%a9%d7%a7-%d7%a9%d7%9c-%d7%94%d7%90%d7%99%d7%98%d7%99%d7%99%d7%9d/,article,200,,3,y,959,
https://coralworld.co.il/en/%d7%92%d7%99%d7%93%d7%95%d7%9c-%d7%95%d7%a9%d7%97%d7%a8%d7%95%d7%a8-%d7%a6%d7%91%d7%99-%d7%99%d7%9d-%d7%a7%d7%a8%d7%a0%d7%99%d7%99%d7%9d/,https://coralworld.co.il/en/%d7%92%d7%99%d7%93%d7%95%d7%9c-%d7%95%d7%a9%d7%97%d7%a8%d7%95%d7%a8-%d7%a6%d7%91%d7%99-%d7%99%d7%9d-%d7%a7%d7%a8%d7%a0%d7%99%d7%99%d7%9d/,en,,,,,,error,0,,0,n,,"browserContext.newPage: Target page, context or browser has been closed"
https://coralworld.co.il/en/%D7%92%D7%99%D7%93%D7%95%D7%9C-%D7%95%D7%A9%D7%97%D7%A8%D7%95%D7%A8-%D7%A6%D7%91%D7%99-%D7%99%D7%9D-%D7%A7%D7%A8%D7%A0%D7%99%D7%99%D7%9D/,https://coralworld.co.il/en/%D7%92%D7%99%D7%93%D7%95%D7%9C-%D7%95%D7%A9%D7%97%D7%A8%D7%95%D7%A8-%D7%A6%D7%91%D7%99-%D7%99%D7%9D-%D7%A7%D7%A8%D7%A0%D7%99%D7%99%D7%9D/,en,ltr,גידול ושחרור צבי ים קרניים | The Underwater Observatory Tower,,גידול ושחרור צבי ים קרניים,https://coralworld.co.il/%d7%92%d7%99%d7%93%d7%95%d7%9c-%d7%95%d7%a9%d7%97%d7%a8%d7%95%d7%a8-%d7%a6%d7%91%d7%99-%d7%99%d7%9d-%d7%a7%d7%a8%d7%a0%d7%99%d7%99%d7%9d/,article,200,,3,y,1790,
https://coralworld.co.il/en/%d7%93%d7%a0%d7%99-%d7%a7%d7%95%d7%a9%d7%9e%d7%a8%d7%95-%d7%91%d7%91%d7%a8%d7%99%d7%9b%d7%aa-%d7%94%d7%9b%d7%a8%d7%99%d7%a9%d7%99%d7%9d/,https://coralworld.co.il/en/%d7%93%d7%a0%d7%99-%d7%a7%d7%95%d7%a9%d7%9e%d7%a8%d7%95-%d7%91%d7%91%d7%a8%d7%99%d7%9b%d7%aa-%d7%94%d7%9b%d7%a8%d7%99%d7%a9%d7%99%d7%9d/,en,,,,,,error,0,,0,n,,"browserContext.newPage: Target page, context or browser has been closed"
https://coralworld.co.il/en/%D7%93%D7%A0%D7%99-%D7%A7%D7%95%D7%A9%D7%9E%D7%A8%D7%95-%D7%91%D7%91%D7%A8%D7%99%D7%9B%D7%AA-%D7%94%D7%9B%D7%A8%D7%99%D7%A9%D7%99%D7%9D/,https://coralworld.co.il/en/%D7%93%D7%A0%D7%99-%D7%A7%D7%95%D7%A9%D7%9E%D7%A8%D7%95-%D7%91%D7%91%D7%A8%D7%99%D7%9B%D7%AA-%D7%94%D7%9B%D7%A8%D7%99%D7%A9%D7%99%D7%9D/,en,ltr,דני קושמרו בבריכת הכרישים | The Underwater Observatory Tower,דני קושמרו קפץ לביקור במצפה התת ימי ונכנס לצלול עם הכרישים. מה מפחיד אתכם יותר? דבורים או כרישים? תופתעו לדעת שמעקיצת דבורים מתים בשנה הרבה יותר אנשים בעולם,דני קושמרו בבריכת הכרישים,https://coralworld.co.il/%d7%93%d7%a0%d7%99-%d7%a7%d7%95%d7%a9%d7%9e%d7%a8%d7%95-%d7%91%d7%91%d7%a8%d7%99%d7%9b%d7%aa-%d7%94%d7%9b%d7%a8%d7%99%d7%a9%d7%99%d7%9d/,article,200,,3,y,162,
https://coralworld.co.il/en/%d7%9b%d7%a8%d7%99%d7%a9%d7%99%d7%9d-2/,https://coralworld.co.il/en/%d7%9b%d7%a8%d7%99%d7%a9%d7%99%d7%9d-2/,en,,,,,,error,0,,0,n,,"browserContext.newPage: Target page, context or browser has been closed"
https://coralworld.co.il/en/%D7%9B%D7%A8%D7%99%D7%A9%D7%99%D7%9D-2/,https://coralworld.co.il/en/%D7%9B%D7%A8%D7%99%D7%A9%D7%99%D7%9D-2/,en,ltr,כרישים | The Underwater Observatory Tower,"משפחת הכרישאים מונה מעל 270 מינים. הכנסו עכשיו לקרוא מידע נוסף על כרישים, מינים, סוגים ועוד",כרישים,https://coralworld.co.il/%d7%9b%d7%a8%d7%99%d7%a9%d7%99%d7%9d-2/,article,200,,3,y,1476,
https://coralworld.co.il/en/%d7%9c%d7%a4%d7%a2%d7%9e%d7%99%d7%9d-%d7%97%d7%9c%d7%95%d7%9e%d7%95%d7%aa-%d7%9e%d7%aa%d7%92%d7%a9%d7%9e%d7%99%d7%9d/,https://coralworld.co.il/en/%d7%9c%d7%a4%d7%a2%d7%9e%d7%99%d7%9d-%d7%97%d7%9c%d7%95%d7%9e%d7%95%d7%aa-%d7%9e%d7%aa%d7%92%d7%a9%d7%9e%d7%99%d7%9d/,en,,,,,,error,0,,0,n,,"browserContext.newPage: Target page, context or browser has been closed"
https://coralworld.co.il/en/%D7%9C%D7%A4%D7%A2%D7%9E%D7%99%D7%9D-%D7%97%D7%9C%D7%95%D7%9E%D7%95%D7%AA-%D7%9E%D7%AA%D7%92%D7%A9%D7%9E%D7%99%D7%9D/,https://coralworld.co.il/en/%D7%9C%D7%A4%D7%A2%D7%9E%D7%99%D7%9D-%D7%97%D7%9C%D7%95%D7%9E%D7%95%D7%AA-%D7%9E%D7%AA%D7%92%D7%A9%D7%9E%D7%99%D7%9D/,en,ltr,לפעמים חלומות מתגשמים | The Underwater Observatory Tower,"המצפה התת ימי באילת הוא התגשמות של חלום, חזון ושילוב של מציאות. בואו להכיר מקורב את אנשי החזון, מוריס קאהן, דיויד פרידמן והשותפים להקמה והעשייה לפרויקט היחודי והמיוחד מסוגו בארץ ובעולם!",לפעמים חלומות מתגשמים,https://coralworld.co.il/%d7%9c%d7%a4%d7%a2%d7%9e%d7%99%d7%9d-%d7%97%d7%9c%d7%95%d7%9e%d7%95%d7%aa-%d7%9e%d7%aa%d7%92%d7%a9%d7%9e%d7%99%d7%9d/,article,200,,3,y,100,
https://coralworld.co.il/en/%d7%9e%d7%94%d7%9d-%d7%90%d7%9c%d7%9e%d7%95%d7%92%d7%99%d7%9d/,https://coralworld.co.il/en/%d7%9e%d7%94%d7%9d-%d7%90%d7%9c%d7%9e%d7%95%d7%92%d7%99%d7%9d/,en,,,,,,error,0,,0,n,,"browserContext.newPage: Target page, context or browser has been closed"
https://coralworld.co.il/en/%D7%9E%D7%94%D7%9D-%D7%90%D7%9C%D7%9E%D7%95%D7%92%D7%99%D7%9D/,https://coralworld.co.il/en/%D7%9E%D7%94%D7%9D-%D7%90%D7%9C%D7%9E%D7%95%D7%92%D7%99%D7%9D/,en,ltr,מהם אלמוגים: | The Underwater Observatory Tower,,מהם אלמוגים:,https://coralworld.co.il/en/%d7%9e%d7%94%d7%9d-%d7%90%d7%9c%d7%9e%d7%95%d7%92%d7%99%d7%9d/,article,200,,1,y,599,
https://coralworld.co.il/en/%d7%a1%d7%99%d7%95%d7%a8-%d7%9e%d7%a8%d7%94%d7%99%d7%91-%d7%91%d7%9e%d7%a6%d7%a4%d7%94-%d7%94%d7%aa%d7%aa-%d7%99%d7%9e%d7%99/,https://coralworld.co.il/en/%d7%a1%d7%99%d7%95%d7%a8-%d7%9e%d7%a8%d7%94%d7%99%d7%91-%d7%91%d7%9e%d7%a6%d7%a4%d7%94-%d7%94%d7%aa%d7%aa-%d7%99%d7%9e%d7%99/,en,,,,,,error,0,,0,n,,"browserContext.newPage: Target page, context or browser has been closed"
https://coralworld.co.il/en/%D7%A1%D7%99%D7%95%D7%A8-%D7%9E%D7%A8%D7%94%D7%99%D7%91-%D7%91%D7%9E%D7%A6%D7%A4%D7%94-%D7%94%D7%AA%D7%AA-%D7%99%D7%9E%D7%99/,https://coralworld.co.il/en/%D7%A1%D7%99%D7%95%D7%A8-%D7%9E%D7%A8%D7%94%D7%99%D7%91-%D7%91%D7%9E%D7%A6%D7%A4%D7%94-%D7%94%D7%AA%D7%AA-%D7%99%D7%9E%D7%99/,en,ltr,סיור מרהיב במצפה התת ימי | The Underwater Observatory Tower,"מאז הסרט מלתעות, המוניטין של הכרישים נמצא עמוק מתחת לפני המים, אך במצפה התת ימי באילת רוצים להציג את האמת עליהם • הצטרפו לסיור הווירטואלי!",סיור מרהיב במצפה התת ימי,https://coralworld.co.il/%d7%a1%d7%99%d7%95%d7%a8-%d7%9e%d7%a8%d7%94%d7%99%d7%91-%d7%91%d7%9e%d7%a6%d7%a4%d7%94-%d7%94%d7%aa%d7%aa-%d7%99%d7%9e%d7%99/,article,200,,3,y,19,
https://coralworld.co.il/en/a-wide-range-of-family-friendly-attractions-in-eilat-all-under-one-roof/,https://coralworld.co.il/en/a-wide-range-of-family-friendly-attractions-in-eilat-all-under-one-roof/,en,ltr,Eilat's wonderland: Family fun in the Underwater Observatory,"Immerse in family fun at Eilat's Underwater Observatory! Discover captivating Red Sea creatures through guided tours and interactive, unforgettable experiences.",,https://coralworld.co.il/en/a-wide-range-of-family-friendly-attractions-in-eilat-all-under-one-roof/,content,200,,1,y,2239,
https://coralworld.co.il/en/aquadome/,https://coralworld.co.il/en/aquadome/,en,ltr,The Underwater Observatory Tower | 3D Theater | AquaDome,"Experience a 3D humpback whale encounter! Witness these giants like never before at our Aquadome, Underwater Observatory Tower - Eilat.",New! An exciting journey into the kingdom of whales. | אקווה דום- להביט ללוייתנים בעיניים!,https://coralworld.co.il/en/aquadome/,content,200,,3,y,798,
https://coralworld.co.il/en/articles/,https://coralworld.co.il/en/articles/,en,ltr,Articles | The Underwater Observatory Tower,,,https://coralworld.co.il/en/articles/,content,200,,3,y,226,
https://coralworld.co.il/en/articles/page/2/,https://coralworld.co.il/en/articles/page/2/,en,,,,,,error,0,,0,n,,"browserContext.newPage: Target page, context or browser has been closed"
https://coralworld.co.il/en/category/articles/,https://coralworld.co.il/en/category/articles/,en,ltr,Articles | The Underwater Observatory Tower,,,https://coralworld.co.il/en/category/articles/,listing,200,,11,y,466,
https://coralworld.co.il/en/category/articles/corals/,https://coralworld.co.il/en/category/articles/corals/,en,ltr,Corals | The Underwater Observatory Tower,,,https://coralworld.co.il/en/category/articles/corals/,listing,200,,3,y,154,
https://coralworld.co.il/en/category/articles/sharks/,https://coralworld.co.il/en/category/articles/sharks/,en,ltr,Sharks | The Underwater Observatory Tower,,,https://coralworld.co.il/en/category/articles/sharks/,listing,200,,3,y,146,
https://coralworld.co.il/en/category/park-news/,https://coralworld.co.il/en/category/park-news/,en,ltr,Park news | The Underwater Observatory Tower,,,https://coralworld.co.il/en/category/park-news/,listing,200,,3,y,226,
https://coralworld.co.il/en/coral-world-privacy-policy/,https://coralworld.co.il/en/coral-world-privacy-policy/,en,ltr,CORAL WORLD PRIVACY POLICY | The Underwater Observatory Tower,,CORAL WORLD PRIVACY POLICY,https://coralworld.co.il/en/coral-world-privacy-policy/,legal,200,,3,y,2191,
https://coralworld.co.il/en/depths_creatures/%d7%93%d7%99%d7%95%d7%a0%d7%95%d7%9f-%d7%94%d7%96%d7%9b%d7%95%d7%9b%d7%99%d7%aa/,https://coralworld.co.il/en/depths_creatures/%d7%93%d7%99%d7%95%d7%a0%d7%95%d7%9f-%d7%94%d7%96%d7%9b%d7%95%d7%9b%d7%99%d7%aa/,en,,,,,,error,0,,0,n,,"browserContext.newPage: Target page, context or browser has been closed"
https://coralworld.co.il/en/depths_creatures/%D7%93%D7%99%D7%95%D7%A0%D7%95%D7%9F-%D7%94%D7%96%D7%9B%D7%95%D7%9B%D7%99%D7%AA/,https://coralworld.co.il/en/depths_creatures/%D7%93%D7%99%D7%95%D7%A0%D7%95%D7%9F-%D7%94%D7%96%D7%9B%D7%95%D7%9B%D7%99%D7%AA/,en,ltr,Googly-Eyed Glass Squid | The Underwater Observatory Tower,,,https://coralworld.co.il/en/depths_creatures/%d7%93%d7%99%d7%95%d7%a0%d7%95%d7%9f-%d7%94%d7%96%d7%9b%d7%95%d7%9b%d7%99%d7%aa/,form,200,,3,y,0,
https://coralworld.co.il/en/depths_creatures/%d7%a4%d7%aa%d7%99%d7%95%d7%a0%d7%90%d7%99-%d7%94%d7%9e%d7%a2%d7%9e%d7%a7%d7%99%d7%9d/,https://coralworld.co.il/en/depths_creatures/%d7%a4%d7%aa%d7%99%d7%95%d7%a0%d7%90%d7%99-%d7%94%d7%9e%d7%a2%d7%9e%d7%a7%d7%99%d7%9d/,en,,,,,,error,0,,0,n,,"browserContext.newPage: Target page, context or browser has been closed"
https://coralworld.co.il/en/depths_creatures/%D7%A4%D7%AA%D7%99%D7%95%D7%A0%D7%90%D7%99-%D7%94%D7%9E%D7%A2%D7%9E%D7%A7%D7%99%D7%9D/,https://coralworld.co.il/en/depths_creatures/%D7%A4%D7%AA%D7%99%D7%95%D7%A0%D7%90%D7%99-%D7%94%D7%9E%D7%A2%D7%9E%D7%A7%D7%99%D7%9D/,en,ltr,Deep Sea Frogfish | The Underwater Observatory Tower,,,https://coralworld.co.il/en/depths_creatures/%d7%a4%d7%aa%d7%99%d7%95%d7%a0%d7%90%d7%99-%d7%94%d7%9e%d7%a2%d7%9e%d7%a7%d7%99%d7%9d/,form,200,,3,y,0,
https://coralworld.co.il/en/depths_creatures/%d7%a6%d7%99%d7%99%d7%93%d7%aa-%d7%94%d7%a4%d7%a8%d7%a4%d7%a8%d7%99%d7%9d/,https://coralworld.co.il/en/depths_creatures/%d7%a6%d7%99%d7%99%d7%93%d7%aa-%d7%94%d7%a4%d7%a8%d7%a4%d7%a8%d7%99%d7%9d/,en,,,,,,error,0,,0,n,,"browserContext.newPage: Target page, context or browser has been closed"
https://coralworld.co.il/en/depths_creatures/%D7%A6%D7%99%D7%99%D7%93%D7%AA-%D7%94%D7%A4%D7%A8%D7%A4%D7%A8%D7%99%D7%9D/,https://coralworld.co.il/en/depths_creatures/%D7%A6%D7%99%D7%99%D7%93%D7%AA-%D7%94%D7%A4%D7%A8%D7%A4%D7%A8%D7%99%D7%9D/,en,ltr,Sea Angel | The Underwater Observatory Tower,,,https://coralworld.co.il/en/depths_creatures/%d7%a6%d7%99%d7%99%d7%93%d7%aa-%d7%94%d7%a4%d7%a8%d7%a4%d7%a8%d7%99%d7%9d/,form,200,,3,y,0,
https://coralworld.co.il/en/depths_creatures/353/,https://coralworld.co.il/en/depths_creatures/353/,en,ltr,Atolla Jellyfish | The Underwater Observatory Tower,,,https://coralworld.co.il/en/depths_creatures/353/,form,200,,3,y,0,
https://coralworld.co.il/en/depths_creatures/369/,https://coralworld.co.il/en/depths_creatures/369/,en,ltr,Pelican eel | The Underwater Observatory Tower,,,https://coralworld.co.il/en/depths_creatures/369/,form,200,,3,y,0,
https://coralworld.co.il/en/depths-creatures/,https://coralworld.co.il/en/depths-creatures/,en,ltr,Creatures from the Deep | The Underwater Observatory Tower,Plunge into the stories of mysterious creatures that live hundreds of meters deep in the oceans.,Creatures From the Deep,https://coralworld.co.il/en/depths-creatures/,content,200,,3,y,732,
https://coralworld.co.il/en/events/,https://coralworld.co.il/en/events/,en,ltr,Events | The Underwater Observatory Tower,"The Underwater Observatory Park is the perfect venue for your next event. We have a range of options and can tailor to your precise needs, all whilst added a stunning 100% natural backdrop!",Events,https://coralworld.co.il/en/events/,content,200,,3,y,239,
https://coralworld.co.il/en/go-green-for-red-sea/,https://coralworld.co.il/en/go-green-for-red-sea/,en,ltr,Go green for Red Sea! | The Underwater Observatory Tower,"The Underwater Observatory Park in Eilat is proud to pioneer an environmental and responsible change, which we hope will encourage others to join us and – ‘Go Green for Red Sea’!",Go green for Red Sea!,https://coralworld.co.il/en/go-green-for-red-sea/,form,200,,1,y,180,
https://coralworld.co.il/en/groups/,https://coralworld.co.il/en/groups/,en,ltr,Groups | The Underwater Observatory Tower,,,https://coralworld.co.il/en/groups/,form,200,,1,y,128,
https://coralworld.co.il/en/interactive-games-2/,https://coralworld.co.il/en/interactive-games-2/,en,ltr,Interactive Games | The Underwater Observatory Tower,A range of engaging and entertaining interactive digital games which are designed to enhance your learning around shark facts,INTERACTIVE GAMES,https://coralworld.co.il/en/interactive-games-2/,content,200,,3,y,464,
https://coralworld.co.il/en/interactive-games/,https://coralworld.co.il/en/interactive-games/,en,ltr,Interactive Games | The Underwater Observatory Tower,,Whats on? Join in on the action!,https://coralworld.co.il/en/interactive-games/,content,200,,1,y,423,
https://coralworld.co.il/en/more-attractions/,https://coralworld.co.il/en/more-attractions/,en,ltr,The Underwater Observatory Tower | Action Center,"Discover adventure at the Underwater Observatory Tower Action Center! Dive with sharks, explore Stingray Cave, or snorkel in the Red Sea vibrant reservoir.",Underwater Adventure: Explore Thrilling Activities at the Action Center,https://coralworld.co.il/en/more-attractions/,content,200,,3,y,1853,
https://coralworld.co.il/en/news/,https://coralworld.co.il/en/news/,en,ltr,Park News | The Underwater Observatory Tower,,Park News,https://coralworld.co.il/en/news/,article,200,,3,y,727,
https://coralworld.co.il/en/product/combined-ticket-with-a-discount-park-entrance-aqua-dome-and-timna-park/,https://coralworld.co.il/en/product/combined-ticket-with-a-discount-park-entrance-aqua-dome-and-timna-park/,en,ltr,Discounted Combo Ticket – Admission to the Underwater Observatory Park + Aqua Dome 3D + Timna Park. | The Underwater Observatory Tower,,,https://coralworld.co.il/en/product/combined-ticket-with-a-discount-park-entrance-aqua-dome-and-timna-park/,ticket,200,,3,y,0,
https://coralworld.co.il/en/product/discounted-combo-ticket-underwater-observatory-park-aqua-dome-d3-top-94/,https://coralworld.co.il/en/product/discounted-combo-ticket-underwater-observatory-park-aqua-dome-d3-top-94/,en,ltr,"Discounted Combo Ticket: Underwater Observatory Park, Aqua Dome D3 & Top 94 | The Underwater Observatory Tower",,,https://coralworld.co.il/en/product/discounted-combo-ticket-underwater-observatory-park-aqua-dome-d3-top-94/,ticket,200,,3,y,0,
https://coralworld.co.il/en/product/entrance-aquadome-free-coffee-and-cookie/,https://coralworld.co.il/en/product/entrance-aquadome-free-coffee-and-cookie/,en,ltr,"Entrance, Aquadome 3D | The Underwater Observatory Tower",,,https://coralworld.co.il/en/product/entrance-aquadome-free-coffee-and-cookie/,product,200,,3,y,0,
https://coralworld.co.il/en/product/shark-dive-certified-padi-license-diving-insurance-required-copy/,https://coralworld.co.il/en/product/shark-dive-certified-padi-license-diving-insurance-required-copy/,en,ltr,Behind-the-Scenes Tour An unforgettable experience! | The Underwater Observatory Tower,,,https://coralworld.co.il/en/product/shark-dive-certified-padi-license-diving-insurance-required-copy/,product,200,,3,y,0,
https://coralworld.co.il/en/product/shark-dive-certified-padi-license-diving-insurance-required/,https://coralworld.co.il/en/product/shark-dive-certified-padi-license-diving-insurance-required/,en,ltr,Shark Dive – for certified divers with valid insurance Includes entry to the Park and the 3D Aqua Dome movie. | The Underwater Observatory Tower,,,https://coralworld.co.il/en/product/shark-dive-certified-padi-license-diving-insurance-required/,product,200,,3,y,0,
https://coralworld.co.il/en/rare-fish/,https://coralworld.co.il/en/rare-fish/,en,ltr,Rare Fish Aquarium | The Underwater Observatory Tower,"We have 35 aquariums which are home to colorful and unusual predators, invertebrates, corals and fish – only found in the Gulf of Eilat.",Rare Fish Aquarium,https://coralworld.co.il/en/rare-fish/,content,200,,3,y,1323,
https://coralworld.co.il/en/rarefish/%d7%90%d7%91%d7%a0%d7%95%d7%9f/,https://coralworld.co.il/en/rarefish/%d7%90%d7%91%d7%a0%d7%95%d7%9f/,en,,,,,,error,0,,0,n,,"browserContext.newPage: Target page, context or browser has been closed"
https://coralworld.co.il/en/rarefish/%D7%90%D7%91%D7%A0%D7%95%D7%9F/,https://coralworld.co.il/en/rarefish/%D7%90%D7%91%D7%A0%D7%95%D7%9F/,en,ltr,Stonefish | The Underwater Observatory Tower,,,https://coralworld.co.il/en/rarefish/%d7%90%d7%91%d7%a0%d7%95%d7%9f/,form,200,,3,y,0,
https://coralworld.co.il/en/rarefish/%d7%96%d7%94%d7%a8%d7%95%d7%9f/,https://coralworld.co.il/en/rarefish/%d7%96%d7%94%d7%a8%d7%95%d7%9f/,en,,,,,,error,0,,0,n,,"browserContext.newPage: Target page, context or browser has been closed"
https://coralworld.co.il/en/rarefish/%D7%96%D7%94%D7%A8%D7%95%D7%9F/,https://coralworld.co.il/en/rarefish/%D7%96%D7%94%D7%A8%D7%95%D7%9F/,en,ltr,Lionfish | The Underwater Observatory Tower,,,https://coralworld.co.il/en/rarefish/%d7%96%d7%94%d7%a8%d7%95%d7%9f/,form,200,,3,y,0,
https://coralworld.co.il/en/rarefish/%d7%a1%d7%95%d7%a1%d7%95%d7%9f-%d7%99%d7%9d/,https://coralworld.co.il/en/rarefish/%d7%a1%d7%95%d7%a1%d7%95%d7%9f-%d7%99%d7%9d/,en,,,,,,error,0,,0,n,,"browserContext.newPage: Target page, context or browser has been closed"
https://coralworld.co.il/en/rarefish/%D7%A1%D7%95%D7%A1%D7%95%D7%9F-%D7%99%D7%9D/,https://coralworld.co.il/en/rarefish/%D7%A1%D7%95%D7%A1%D7%95%D7%9F-%D7%99%D7%9D/,en,ltr,Sea Horse | The Underwater Observatory Tower,,,https://coralworld.co.il/en/rarefish/%d7%a1%d7%95%d7%a1%d7%95%d7%9f-%d7%99%d7%9d/,form,200,,3,y,0,
https://coralworld.co.il/en/rarefish/%d7%a4%d7%96%d7%99%d7%aa-%d7%99%d7%9d-%d7%a1%d7%95%d7%a3/,https://coralworld.co.il/en/rarefish/%d7%a4%d7%96%d7%99%d7%aa-%d7%99%d7%9d-%d7%a1%d7%95%d7%a3/,en,,,,,,error,0,,0,n,,"browserContext.newPage: Target page, context or browser has been closed"
https://coralworld.co.il/en/rarefish/%D7%A4%D7%96%D7%99%D7%AA-%D7%99%D7%9D-%D7%A1%D7%95%D7%A3/,https://coralworld.co.il/en/rarefish/%D7%A4%D7%96%D7%99%D7%AA-%D7%99%D7%9D-%D7%A1%D7%95%D7%A3/,en,ltr,Anthias (Sea Goldie) | The Underwater Observatory Tower,,,https://coralworld.co.il/en/rarefish/%d7%a4%d7%96%d7%99%d7%aa-%d7%99%d7%9d-%d7%a1%d7%95%d7%a3/,form,200,,3,y,0,
https://coralworld.co.il/en/rarefish/%d7%a4%d7%aa%d7%99%d7%95%d7%a0%d7%90%d7%99/,https://coralworld.co.il/en/rarefish/%d7%a4%d7%aa%d7%99%d7%95%d7%a0%d7%90%d7%99/,en,,,,,,error,0,,0,n,,"browserContext.newPage: Target page, context or browser has been closed"
https://coralworld.co.il/en/rarefish/%D7%A4%D7%AA%D7%99%D7%95%D7%A0%D7%90%D7%99/,https://coralworld.co.il/en/rarefish/%D7%A4%D7%AA%D7%99%D7%95%D7%A0%D7%90%D7%99/,en,ltr,Frogfish | The Underwater Observatory Tower,,,https://coralworld.co.il/en/rarefish/%d7%a4%d7%aa%d7%99%d7%95%d7%a0%d7%90%d7%99/,form,200,,3,y,0,
https://coralworld.co.il/en/rarefish/%d7%aa%d7%9e%d7%a0%d7%95%d7%9f/,https://coralworld.co.il/en/rarefish/%d7%aa%d7%9e%d7%a0%d7%95%d7%9f/,en,,,,,,error,0,,0,n,,"browserContext.newPage: Target page, context or browser has been closed"
https://coralworld.co.il/en/rarefish/%D7%AA%D7%9E%D7%A0%D7%95%D7%9F/,https://coralworld.co.il/en/rarefish/%D7%AA%D7%9E%D7%A0%D7%95%D7%9F/,en,ltr,Octopus | The Underwater Observatory Tower,,,https://coralworld.co.il/en/rarefish/%d7%aa%d7%9e%d7%a0%d7%95%d7%9f/,form,200,,3,y,0,
https://coralworld.co.il/en/red_sea_reef/%d7%a0%d7%aa%d7%97%d7%9f-%d7%a1%d7%92%d7%95%d7%9c/,https://coralworld.co.il/en/red_sea_reef/%d7%a0%d7%aa%d7%97%d7%9f-%d7%a1%d7%92%d7%95%d7%9c/,en,,,,,,error,0,,0,n,,"browserContext.newPage: Target page, context or browser has been closed"
https://coralworld.co.il/en/red_sea_reef/%D7%A0%D7%AA%D7%97%D7%9F-%D7%A1%D7%92%D7%95%D7%9C/,https://coralworld.co.il/en/red_sea_reef/%D7%A0%D7%AA%D7%97%D7%9F-%D7%A1%D7%92%D7%95%D7%9C/,en,ltr,Purple Tang (Yellowtail Tang) | The Underwater Observatory Tower,,,https://coralworld.co.il/en/red_sea_reef/%d7%a0%d7%aa%d7%97%d7%9f-%d7%a1%d7%92%d7%95%d7%9c/,form,200,,3,y,0,
https://coralworld.co.il/en/red_sea_reef/%d7%a4%d7%99%d7%a7%d7%a1%d7%95%d7%9f/,https://coralworld.co.il/en/red_sea_reef/%d7%a4%d7%99%d7%a7%d7%a1%d7%95%d7%9f/,en,,,,,,error,0,,0,n,,"browserContext.newPage: Target page, context or browser has been closed"
https://coralworld.co.il/en/red_sea_reef/%D7%A4%D7%99%D7%A7%D7%A1%D7%95%D7%9F/,https://coralworld.co.il/en/red_sea_reef/%D7%A4%D7%99%D7%A7%D7%A1%D7%95%D7%9F/,en,ltr,Picasso Fish | The Underwater Observatory Tower,,,https://coralworld.co.il/en/red_sea_reef/%d7%a4%d7%99%d7%a7%d7%a1%d7%95%d7%9f/,form,200,,3,y,0,
https://coralworld.co.il/en/red_sea_reef/%d7%a4%d7%a8%d7%a4%d7%a8%d7%95%d7%9f-%d7%94%d7%97%d7%95%d7%98/,https://coralworld.co.il/en/red_sea_reef/%d7%a4%d7%a8%d7%a4%d7%a8%d7%95%d7%9f-%d7%94%d7%97%d7%95%d7%98/,en,,,,,,error,0,,0,n,,"browserContext.newPage: Target page, context or browser has been closed"
https://coralworld.co.il/en/red_sea_reef/%D7%A4%D7%A8%D7%A4%D7%A8%D7%95%D7%9F-%D7%94%D7%97%D7%95%D7%98/,https://coralworld.co.il/en/red_sea_reef/%D7%A4%D7%A8%D7%A4%D7%A8%D7%95%D7%9F-%D7%94%D7%97%D7%95%D7%98/,en,ltr,Threadfin Butterfly Fish | The Underwater Observatory Tower,,,https://coralworld.co.il/en/red_sea_reef/%d7%a4%d7%a8%d7%a4%d7%a8%d7%95%d7%9f-%d7%94%d7%97%d7%95%d7%98/,form,200,,3,y,0,
https://coralworld.co.il/en/red_sea_reef/%d7%a9%d7%95%d7%a9%d7%a0%d7%95%d7%9f/,https://coralworld.co.il/en/red_sea_reef/%d7%a9%d7%95%d7%a9%d7%a0%d7%95%d7%9f/,en,,,,,,error,0,,0,n,,"browserContext.newPage: Target page, context or browser has been closed"
https://coralworld.co.il/en/red_sea_reef/%D7%A9%D7%95%D7%A9%D7%A0%D7%95%D7%9F/,https://coralworld.co.il/en/red_sea_reef/%D7%A9%D7%95%D7%A9%D7%A0%D7%95%D7%9F/,en,ltr,Clownfish | The Underwater Observatory Tower,,,https://coralworld.co.il/en/red_sea_reef/%d7%a9%d7%95%d7%a9%d7%a0%d7%95%d7%9f/,form,200,,3,y,0,
https://coralworld.co.il/en/red_sea_reef/486/,https://coralworld.co.il/en/red_sea_reef/486/,en,ltr,Clown Coris (Rainbowfish) | The Underwater Observatory Tower,,,https://coralworld.co.il/en/red_sea_reef/486/,form,200,,3,y,0,
https://coralworld.co.il/en/red_sea_reef/497/,https://coralworld.co.il/en/red_sea_reef/497/,en,ltr,Cleaner Fish | The Underwater Observatory Tower,,,https://coralworld.co.il/en/red_sea_reef/497/,form,200,,3,y,0,
https://coralworld.co.il/en/red-sea-reef/,https://coralworld.co.il/en/red-sea-reef/,en,ltr,Red Sea Reef | The Underwater Observatory Tower,"Take a closer look at the Red Sea coral reef through our intricate exhibit, in the park, on the mainland.",Red Sea Reef,https://coralworld.co.il/en/red-sea-reef/,content,200,,3,y,1164,
https://coralworld.co.il/en/red-sea-story/,https://coralworld.co.il/en/red-sea-story/,en,ltr,The Story of the Red Sea - Israel Oceanarium | The Underwater Observatory Tower,The Coral World Underwater Observatory was built so that visitors could explore the wonders of the Red Sea in a new and exciting way.,Our mission,https://coralworld.co.il/en/red-sea-story/,content,200,,3,y,798,
https://coralworld.co.il/en/sharks_world/%d7%9b%d7%a8%d7%99%d7%a9-%d7%92%d7%93%d7%95%d7%9c-%d7%a9%d7%9f/,https://coralworld.co.il/en/sharks_world/%d7%9b%d7%a8%d7%99%d7%a9-%d7%92%d7%93%d7%95%d7%9c-%d7%a9%d7%9f/,en,,,,,,error,0,,0,n,,"browserContext.newPage: Target page, context or browser has been closed"
https://coralworld.co.il/en/sharks_world/%D7%9B%D7%A8%D7%99%D7%A9-%D7%92%D7%93%D7%95%D7%9C-%D7%A9%D7%9F/,https://coralworld.co.il/en/sharks_world/%D7%9B%D7%A8%D7%99%D7%A9-%D7%92%D7%93%D7%95%D7%9C-%D7%A9%D7%9F/,en,ltr,Bignose Shark | The Underwater Observatory Tower,,,https://coralworld.co.il/en/sharks_world/%d7%9b%d7%a8%d7%99%d7%a9-%d7%92%d7%93%d7%95%d7%9c-%d7%a9%d7%9f/,form,200,,3,y,0,
https://coralworld.co.il/en/sharks_world/427/,https://coralworld.co.il/en/sharks_world/427/,en,ltr,Blacktip Reef Sharks | The Underwater Observatory Tower,,,https://coralworld.co.il/en/sharks_world/427/,form,200,,3,y,0,
https://coralworld.co.il/en/sharks_world/432/,https://coralworld.co.il/en/sharks_world/432/,en,ltr,Sandbar shark | The Underwater Observatory Tower,,,https://coralworld.co.il/en/sharks_world/432/,form,200,,3,y,0,
https://coralworld.co.il/en/sharks_world/437/,https://coralworld.co.il/en/sharks_world/437/,en,ltr,Hammerhead Shark | The Underwater Observatory Tower,,,https://coralworld.co.il/en/sharks_world/437/,form,200,,3,y,0,
https://coralworld.co.il/en/sharks_world/442/,https://coralworld.co.il/en/sharks_world/442/,en,ltr,Sting-rays | The Underwater Observatory Tower,,,https://coralworld.co.il/en/sharks_world/442/,form,200,,3,y,0,
https://coralworld.co.il/en/sharks_world/447/,https://coralworld.co.il/en/sharks_world/447/,en,ltr,Zebra Shark | The Underwater Observatory Tower,,,https://coralworld.co.il/en/sharks_world/447/,form,200,,3,y,0,
https://coralworld.co.il/en/sharks-world/,https://coralworld.co.il/en/sharks-world/,en,ltr,Shark Pool | The Underwater Observatory Tower,"Take a tour of our incredible flagship display, the Shark Pool complex. In this safe and close encounter, you'll come eye-to-eye with the predators of the Red Sea!",Shark Pool,https://coralworld.co.il/en/sharks-world/,content,200,,3,y,1545,
https://coralworld.co.il/en/terms-of-use/,https://coralworld.co.il/en/terms-of-use/,en,ltr,Terms of Use | The Underwater Observatory Tower,,Terms of Use,https://coralworld.co.il/en/terms-of-use/,legal,200,,3,y,2051,
https://coralworld.co.il/en/the-tower/,https://coralworld.co.il/en/the-tower/,en,ltr,The Underwater Observatory Tower | The Underwater Observatory Tower,"Feel the amazing and vibrant reef as you venture out from the shore to our completely unique viewing point, which sits in the Red Sea and in the reef.",The Underwater Observatory Tower,https://coralworld.co.il/en/the-tower/,form,200,,3,y,103,
https://coralworld.co.il/en/tickets/,https://coralworld.co.il/en/tickets/?step=1,en,ltr,Purchase tickets | The Underwater Observatory Tower,"Order tickets for one of our packages and come and enjoy an unforgettable experience! Check out our special deals, such as: Entrance, Aquadome, free coffee, and more!",Purchase tickets,https://coralworld.co.il/en/tickets/,ticket,200,,3,y,395,
https://coralworld.co.il/en/tickets/?step=1,https://coralworld.co.il/en/tickets/?step=1,en,,,,,,error,0,,0,n,,"browserContext.newPage: Target page, context or browser has been closed"
https://coralworld.co.il/en/turtles/,https://coralworld.co.il/en/turtles/,en,ltr,Turtles | The Underwater Observatory Tower,Enjoy the view at Turtle Island! Peek in at Turtle Island and you’ll immediately understand why sea turtles are much-loved animals.,Turtle Pool,https://coralworld.co.il/en/turtles/,content,200,,3,y,838,
https://coralworld.co.il/en/turtles/%d7%a6%d7%91-%d7%99%d7%9d-%d7%a7%d7%a8%d7%a0%d7%99/,https://coralworld.co.il/en/turtles/%d7%a6%d7%91-%d7%99%d7%9d-%d7%a7%d7%a8%d7%a0%d7%99/,en,,,,,,error,0,,0,n,,"browserContext.newPage: Target page, context or browser has been closed"
https://coralworld.co.il/en/turtles/%D7%A6%D7%91-%D7%99%D7%9D-%D7%A7%D7%A8%D7%A0%D7%99/,https://coralworld.co.il/en/turtles/%D7%A6%D7%91-%D7%99%D7%9D-%D7%A7%D7%A8%D7%A0%D7%99/,en,ltr,Hawksbill Turtle | The Underwater Observatory Tower,,,https://coralworld.co.il/en/turtles/%d7%a6%d7%91-%d7%99%d7%9d-%d7%a7%d7%a8%d7%a0%d7%99/,form,200,,3,y,0,
https://coralworld.co.il/en/turtles/%d7%a6%d7%a0%d7%99%d7%a0%d7%99%d7%aa/,https://coralworld.co.il/en/turtles/%d7%a6%d7%a0%d7%99%d7%a0%d7%99%d7%aa/,en,,,,,,error,0,,0,n,,"browserContext.newPage: Target page, context or browser has been closed"
https://coralworld.co.il/en/turtles/%D7%A6%D7%A0%D7%99%D7%A0%D7%99%D7%AA/,https://coralworld.co.il/en/turtles/%D7%A6%D7%A0%D7%99%D7%A0%D7%99%D7%AA/,en,ltr,Carangidae | The Underwater Observatory Tower,,,https://coralworld.co.il/en/turtles/%d7%a6%d7%a0%d7%99%d7%a0%d7%99%d7%aa/,form,200,,3,y,0,
https://coralworld.co.il/en/turtles/457/,https://coralworld.co.il/en/turtles/457/,en,ltr,Green Turtle | The Underwater Observatory Tower,,,https://coralworld.co.il/en/turtles/457/,form,200,,3,y,0,
https://coralworld.co.il/en/visit-park/,https://coralworld.co.il/en/visit-park/,en,ltr,Park Visit | The Underwater Observatory Tower,"Join us on an amazing journey of discovery at the heart of the Red Sea coral reef, a place full of spectacular fish, coral and marine creatures",,https://coralworld.co.il/en/visit-park/,content,200,,3,y,2167,
https://coralworld.co.il/en/zalul/,https://coralworld.co.il/en/zalul/,en,ltr,Zalul | The Underwater Observatory Tower,"Zalul is currently considered one of the leading environmental organizations in Israel, ready to wage battle against all environmental contaminators, mainly large gas and oil companies and other polluting industries nationwide",,https://coralworld.co.il/en/zalul/,content,200,,1,y,898,
https://coralworld.co.il/fi/category/uncategorized-fi/,https://coralworld.co.il/fi/category/uncategorized-fi/,fi,,,,,,error,0,,0,n,,"browserContext.newPage: Target page, context or browser has been closed"
https://coralworld.co.il/fr/category/non-classifiee/,https://coralworld.co.il/fr/category/non-classifiee/,fr,,,,,,error,0,,0,n,,"browserContext.newPage: Target page, context or browser has been closed"
https://coralworld.co.il/,https://coralworld.co.il/,he,rtl,המצפה התת ימי- כל מה שיפה במפרץ אילת | אטרקציות לילדים באילת 2025,זה הזמן לחקור את נפלאות ים האדום במצפה התת ימי אילת! אנחנו מזמינים אתכם לגלות את עולם הים והאלמוגים. לרכישת כרטיסים | אטרקציות לילדים באילת | דברים לעשות באילת,יום של חוויות במצפה התת ימי!,https://coralworld.co.il/,home,200,,3,y,737,
https://coralworld.co.il/%d7%90%d7%98%d7%a8%d7%a7%d7%a6%d7%99%d7%95%d7%aa_%d7%9c%d7%9e%d7%a9%d7%a4%d7%97%d7%94_%d7%91%d7%90%d7%99%d7%9c%d7%aa/,https://coralworld.co.il/%d7%90%d7%98%d7%a8%d7%a7%d7%a6%d7%99%d7%95%d7%aa_%d7%9c%d7%9e%d7%a9%d7%a4%d7%97%d7%94_%d7%91%d7%90%d7%99%d7%9c%d7%aa/,he,rtl,המצפה התת ימי | אטרקציות למשפחה באילת,"מחפשים אטרקציות למשפחה באילת? בואו לבלות במצפה התת ימי, כאן מחכות לכם מגוון אטרקציות לילדים ומבוגרים וים של חוויות מטריפות!",,https://coralworld.co.il/%d7%90%d7%98%d7%a8%d7%a7%d7%a6%d7%99%d7%95%d7%aa_%d7%9c%d7%9e%d7%a9%d7%a4%d7%97%d7%94_%d7%91%d7%90%d7%99%d7%9c%d7%aa/,content,200,,2,n,1766,
https://coralworld.co.il/%D7%90%D7%98%D7%A8%D7%A7%D7%A6%D7%99%D7%95%D7%AA_%D7%9C%D7%9E%D7%A9%D7%A4%D7%97%D7%94_%D7%91%D7%90%D7%99%D7%9C%D7%AA/,https://coralworld.co.il/%D7%90%D7%98%D7%A8%D7%A7%D7%A6%D7%99%D7%95%D7%AA_%D7%9C%D7%9E%D7%A9%D7%A4%D7%97%D7%94_%D7%91%D7%90%D7%99%D7%9C%D7%AA/,he,rtl,המצפה התת ימי | אטרקציות למשפחה באילת,"מחפשים אטרקציות למשפחה באילת? בואו לבלות במצפה התת ימי, כאן מחכות לכם מגוון אטרקציות לילדים ומבוגרים וים של חוויות מטריפות!",,https://coralworld.co.il/%d7%90%d7%98%d7%a8%d7%a7%d7%a6%d7%99%d7%95%d7%aa_%d7%9c%d7%9e%d7%a9%d7%a4%d7%97%d7%94_%d7%91%d7%90%d7%99%d7%9c%d7%aa/,content,200,,2,y,1766,
https://coralworld.co.il/%D7%90%D7%98%D7%A8%D7%A7%D7%A6%D7%99%D7%95%D7%AA-%D7%9C%D7%99%D7%9C%D7%93%D7%99%D7%9D-%D7%91%D7%90%D7%99%D7%9C%D7%AA/,https://coralworld.co.il/%D7%90%D7%98%D7%A8%D7%A7%D7%A6%D7%99%D7%95%D7%AA-%D7%9C%D7%99%D7%9C%D7%93%D7%99%D7%9D-%D7%91%D7%90%D7%99%D7%9C%D7%AA/,he,rtl,אטרקציות לילדים באילת במצפה התת ימי | המצפה התת ימי,"אם גם אתם מחפשים אטרקציות לילדים באילת, חשוב שתדעו שהמצפה התת ימי נמנה על הבולטות, המלהיבות והמסקרנות שבהן. המאמר הבא יפרט על האטרקציות השונות במצפה, לחצו לקריאה.",אטרקציות לילדים באילת במצפה התת ימי,https://coralworld.co.il/%d7%90%d7%98%d7%a8%d7%a7%d7%a6%d7%99%d7%95%d7%aa-%d7%9c%d7%99%d7%9c%d7%93%d7%99%d7%9d-%d7%91%d7%90%d7%99%d7%9c%d7%aa/,article,200,,2,y,430,
https://coralworld.co.il/%D7%90%D7%99%D7%A8%D7%95%D7%97-%D7%A7%D7%91%D7%95%D7%A6%D7%95%D7%AA/,https://coralworld.co.il/%D7%90%D7%99%D7%A8%D7%95%D7%97-%D7%A7%D7%91%D7%95%D7%A6%D7%95%D7%AA/,he,rtl,אירוח קבוצות | המצפה התת ימי,,,https://coralworld.co.il/%d7%90%d7%99%d7%a8%d7%95%d7%97-%d7%a7%d7%91%d7%95%d7%a6%d7%95%d7%aa/,content,200,,2,y,1217,
https://coralworld.co.il/%D7%90%D7%9C%D7%9E%D7%95%D7%92-%D7%95%D7%A9%D7%95%D7%A0%D7%99%D7%AA-%D7%94%D7%90%D7%9C%D7%9E%D7%95%D7%92%D7%99%D7%9D/,https://coralworld.co.il/%D7%90%D7%9C%D7%9E%D7%95%D7%92-%D7%95%D7%A9%D7%95%D7%A0%D7%99%D7%AA-%D7%94%D7%90%D7%9C%D7%9E%D7%95%D7%92%D7%99%D7%9D/,he,rtl,אלמוג ושונית האלמוגים | המצפה התת ימי,,אלמוג ושונית האלמוגים,https://coralworld.co.il/%d7%90%d7%9c%d7%9e%d7%95%d7%92-%d7%95%d7%a9%d7%95%d7%a0%d7%99%d7%aa-%d7%94%d7%90%d7%9c%d7%9e%d7%95%d7%92%d7%99%d7%9d/,article,200,,2,y,534,
https://coralworld.co.il/%D7%90%D7%9C%D7%9E%D7%95%D7%92/,https://coralworld.co.il/%D7%90%D7%9C%D7%9E%D7%95%D7%92/,he,rtl,אלמוג | המצפה התת ימי,,,https://coralworld.co.il/%d7%90%d7%9c%d7%9e%d7%95%d7%92/,article,200,,2,y,4,
https://coralworld.co.il/%D7%90%D7%A7%D7%95%D7%9C%D7%95%D7%92%D7%99%D7%94-%D7%AA%D7%95%D7%A8%D7%AA-%D7%94%D7%A1%D7%91%D7%99%D7%91%D7%94/,https://coralworld.co.il/%D7%90%D7%A7%D7%95%D7%9C%D7%95%D7%92%D7%99%D7%94-%D7%AA%D7%95%D7%A8%D7%AA-%D7%94%D7%A1%D7%91%D7%99%D7%91%D7%94/,he,rtl,"אקולוגיה, תורת הסביבה | המצפה התת ימי",,"אקולוגיה, תורת הסביבה",https://coralworld.co.il/%d7%90%d7%a7%d7%95%d7%9c%d7%95%d7%92%d7%99%d7%94-%d7%aa%d7%95%d7%a8%d7%aa-%d7%94%d7%a1%d7%91%d7%99%d7%91%d7%94/,article,200,,2,y,396,
https://coralworld.co.il/%D7%91%D7%98%D7%90%D7%99%D7%9D-batoidea/,https://coralworld.co.il/%D7%91%D7%98%D7%90%D7%99%D7%9D-batoidea/,he,rtl,בטאים Batoidea | המצפה התת ימי,,בטאים Batoidea,https://coralworld.co.il/%d7%91%d7%98%d7%90%d7%99%d7%9d-batoidea/,article,200,,2,y,658,
https://coralworld.co.il/%D7%91%D7%A2%D7%9C%D7%99-%D7%97%D7%99%D7%99%D7%9D-%D7%90%D7%A8%D7%A1%D7%99%D7%99%D7%9D-%D7%94%D7%A0%D7%A9%D7%A7-%D7%A9%D7%9C-%D7%94%D7%90%D7%99%D7%98%D7%99%D7%99%D7%9D/,https://coralworld.co.il/%D7%91%D7%A2%D7%9C%D7%99-%D7%97%D7%99%D7%99%D7%9D-%D7%90%D7%A8%D7%A1%D7%99%D7%99%D7%9D-%D7%94%D7%A0%D7%A9%D7%A7-%D7%A9%D7%9C-%D7%94%D7%90%D7%99%D7%98%D7%99%D7%99%D7%9D/,he,rtl,בעלי חיים ארסיים – הנשק של האיטיים | המצפה התת ימי,,בעלי חיים ארסיים – הנשק של האיטיים,https://coralworld.co.il/%d7%91%d7%a2%d7%9c%d7%99-%d7%97%d7%99%d7%99%d7%9d-%d7%90%d7%a8%d7%a1%d7%99%d7%99%d7%9d-%d7%94%d7%a0%d7%a9%d7%a7-%d7%a9%d7%9c-%d7%94%d7%90%d7%99%d7%98%d7%99%d7%99%d7%9d/,article,200,,3,y,958,
https://coralworld.co.il/%D7%92%D7%99%D7%93%D7%95%D7%9C-%D7%95%D7%A9%D7%97%D7%A8%D7%95%D7%A8-%D7%A6%D7%91%D7%99-%D7%99%D7%9D-%D7%A7%D7%A8%D7%A0%D7%99%D7%99%D7%9D/,https://coralworld.co.il/%D7%92%D7%99%D7%93%D7%95%D7%9C-%D7%95%D7%A9%D7%97%D7%A8%D7%95%D7%A8-%D7%A6%D7%91%D7%99-%D7%99%D7%9D-%D7%A7%D7%A8%D7%A0%D7%99%D7%99%D7%9D/,he,rtl,גידול ושחרור צבי ים קרניים | המצפה התת ימי,,גידול ושחרור צבי ים קרניים,https://coralworld.co.il/%d7%92%d7%99%d7%93%d7%95%d7%9c-%d7%95%d7%a9%d7%97%d7%a8%d7%95%d7%a8-%d7%a6%d7%91%d7%99-%d7%99%d7%9d-%d7%a7%d7%a8%d7%a0%d7%99%d7%99%d7%9d/,article,200,,3,y,1789,
https://coralworld.co.il/%D7%93%D7%91%D7%A8%D7%99%D7%9D-%D7%A9%D7%A8%D7%95%D7%90%D7%99%D7%9D-%D7%9E%D7%9B%D7%90%D7%9F-%D7%9C%D7%90-%D7%A8%D7%95%D7%90%D7%99%D7%9D-%D7%9E%D7%A9%D7%9D/,https://coralworld.co.il/%D7%93%D7%91%D7%A8%D7%99%D7%9D-%D7%A9%D7%A8%D7%95%D7%90%D7%99%D7%9D-%D7%9E%D7%9B%D7%90%D7%9F-%D7%9C%D7%90-%D7%A8%D7%95%D7%90%D7%99%D7%9D-%D7%9E%D7%A9%D7%9D/,he,rtl,דברים שרואים מכאן לא רואים משם | המצפה התת ימי,,דברים שרואים מכאן לא רואים משם,https://coralworld.co.il/%d7%93%d7%91%d7%a8%d7%99%d7%9d-%d7%a9%d7%a8%d7%95%d7%90%d7%99%d7%9d-%d7%9e%d7%9b%d7%90%d7%9f-%d7%9c%d7%90-%d7%a8%d7%95%d7%90%d7%99%d7%9d-%d7%9e%d7%a9%d7%9d/,article,200,,2,y,719,
https://coralworld.co.il/%D7%93%D7%99%D7%99%D7%A8%D7%AA-%D7%97%D7%93%D7%A9%D7%94-%D7%91%D7%91%D7%A8%D7%99%D7%9B%D7%AA-%D7%94%D7%9B%D7%A8%D7%99%D7%A9%D7%99%D7%9D/,https://coralworld.co.il/%D7%93%D7%99%D7%99%D7%A8%D7%AA-%D7%97%D7%93%D7%A9%D7%94-%D7%91%D7%91%D7%A8%D7%99%D7%9B%D7%AA-%D7%94%D7%9B%D7%A8%D7%99%D7%A9%D7%99%D7%9D/,he,rtl,דיירת חדשה בבריכת הכרישים | המצפה התת ימי,,דיירת חדשה בבריכת הכרישים,https://coralworld.co.il/%d7%93%d7%99%d7%99%d7%a8%d7%aa-%d7%97%d7%93%d7%a9%d7%94-%d7%91%d7%91%d7%a8%d7%99%d7%9b%d7%aa-%d7%94%d7%9b%d7%a8%d7%99%d7%a9%d7%99%d7%9d/,article,200,,2,y,93,
https://coralworld.co.il/%D7%93%D7%A0%D7%99-%D7%A7%D7%95%D7%A9%D7%9E%D7%A8%D7%95-%D7%91%D7%91%D7%A8%D7%99%D7%9B%D7%AA-%D7%94%D7%9B%D7%A8%D7%99%D7%A9%D7%99%D7%9D/,https://coralworld.co.il/%D7%93%D7%A0%D7%99-%D7%A7%D7%95%D7%A9%D7%9E%D7%A8%D7%95-%D7%91%D7%91%D7%A8%D7%99%D7%9B%D7%AA-%D7%94%D7%9B%D7%A8%D7%99%D7%A9%D7%99%D7%9D/,he,rtl,דני קושמרו בבריכת הכרישים | המצפה התת ימי,דני קושמרו קפץ לביקור במצפה התת ימי ונכנס לצלול עם הכרישים. מה מפחיד אתכם יותר? דבורים או כרישים? תופתעו לדעת שמעקיצת דבורים מתים בשנה הרבה יותר אנשים בעולם,דני קושמרו בבריכת הכרישים,https://coralworld.co.il/%d7%93%d7%a0%d7%99-%d7%a7%d7%95%d7%a9%d7%9e%d7%a8%d7%95-%d7%91%d7%91%d7%a8%d7%99%d7%9b%d7%aa-%d7%94%d7%9b%d7%a8%d7%99%d7%a9%d7%99%d7%9d/,article,200,,3,y,161,
https://coralworld.co.il/%d7%93%d7%a3-%d7%a6%d7%91%d7%99%d7%a2%d7%94-%d7%a4%d7%aa%d7%99%d7%95%d7%a0%d7%90%d7%99/,https://coralworld.co.il/%d7%93%d7%a3-%d7%a6%d7%91%d7%99%d7%a2%d7%94-%d7%a4%d7%aa%d7%99%d7%95%d7%a0%d7%90%d7%99/,he,rtl,דף צביעה פתיונאי | המצפה התת ימי,,,https://coralworld.co.il/%d7%93%d7%a3-%d7%a6%d7%91%d7%99%d7%a2%d7%94-%d7%a4%d7%aa%d7%99%d7%95%d7%a0%d7%90%d7%99/,article,200,,2,n,1406,
https://coralworld.co.il/%D7%93%D7%A3-%D7%A6%D7%91%D7%99%D7%A2%D7%94-%D7%A4%D7%AA%D7%99%D7%95%D7%A0%D7%90%D7%99/,https://coralworld.co.il/%D7%93%D7%A3-%D7%A6%D7%91%D7%99%D7%A2%D7%94-%D7%A4%D7%AA%D7%99%D7%95%D7%A0%D7%90%D7%99/,he,rtl,דף צביעה פתיונאי | המצפה התת ימי,,,https://coralworld.co.il/%d7%93%d7%a3-%d7%a6%d7%91%d7%99%d7%a2%d7%94-%d7%a4%d7%aa%d7%99%d7%95%d7%a0%d7%90%d7%99/,article,200,,2,y,1406,
https://coralworld.co.il/%D7%93%D7%A6%D7%9E%D7%91%D7%A8-%D7%A9%D7%9C-%D7%97%D7%95%D7%95%D7%99%D7%95%D7%AA-%D7%91%D7%9E%D7%A6%D7%A4%D7%94-%D7%94%D7%AA%D7%AA%D6%BE%D7%99%D7%9E%D7%99-%D7%90%D7%99%D7%9C%D7%AA/,https://coralworld.co.il/%D7%93%D7%A6%D7%9E%D7%91%D7%A8-%D7%A9%D7%9C-%D7%97%D7%95%D7%95%D7%99%D7%95%D7%AA-%D7%91%D7%9E%D7%A6%D7%A4%D7%94-%D7%94%D7%AA%D7%AA%D6%BE%D7%99%D7%9E%D7%99-%D7%90%D7%99%D7%9C%D7%AA/,he,rtl,דצמבר של חוויות במצפה התת־ימי אילת | המצפה התת ימי,,דצמבר של חוויות,https://coralworld.co.il/%d7%93%d7%a6%d7%9e%d7%91%d7%a8-%d7%a9%d7%9c-%d7%97%d7%95%d7%95%d7%99%d7%95%d7%aa-%d7%91%d7%9e%d7%a6%d7%a4%d7%94-%d7%94%d7%aa%d7%aa%d6%be%d7%99%d7%9e%d7%99-%d7%90%d7%99%d7%9c%d7%aa/,article,200,,2,y,1078,
https://coralworld.co.il/%D7%93%D7%A8%D7%95%D7%A9%D7%99%D7%9D-%D7%9C%D7%97%D7%A0%D7%95%D7%AA-%D7%AA%D7%9B%D7%A9%D7%99%D7%98%D7%99%D7%9D/,https://coralworld.co.il/%D7%93%D7%A8%D7%95%D7%A9%D7%99%D7%9D-%D7%9C%D7%97%D7%A0%D7%95%D7%AA-%D7%AA%D7%9B%D7%A9%D7%99%D7%98%D7%99%D7%9D/,he,rtl,דרושים לחנות תכשיטים | המצפה התת ימי,,,https://coralworld.co.il/%d7%93%d7%a8%d7%95%d7%a9%d7%99%d7%9d-%d7%9c%d7%97%d7%a0%d7%95%d7%aa-%d7%aa%d7%9b%d7%a9%d7%99%d7%98%d7%99%d7%9d/,article,200,,2,y,894,
https://coralworld.co.il/%d7%93%d7%a8%d7%95%d7%a9%d7%99%d7%9d/,https://coralworld.co.il/%d7%93%d7%a8%d7%95%d7%a9%d7%99%d7%9d/,he,rtl,דרושים | המצפה התת ימי,,דרושים לפארק המצפה התת ימי,https://coralworld.co.il/%d7%93%d7%a8%d7%95%d7%a9%d7%99%d7%9d/,form,200,,2,n,21,
https://coralworld.co.il/%D7%93%D7%A8%D7%95%D7%A9%D7%99%D7%9D/,https://coralworld.co.il/%D7%93%D7%A8%D7%95%D7%A9%D7%99%D7%9D/,he,rtl,דרושים | המצפה התת ימי,,דרושים לפארק המצפה התת ימי,https://coralworld.co.il/%d7%93%d7%a8%d7%95%d7%a9%d7%99%d7%9d/,form,200,,2,y,21,
https://coralworld.co.il/%D7%94%D7%95%D7%9C%D7%95%D7%92%D7%A8%D7%9E%D7%94/,https://coralworld.co.il/%D7%94%D7%95%D7%9C%D7%95%D7%92%D7%A8%D7%9E%D7%94/,he,rtl,הולוגרמה | המצפה התת ימי,,סרטון סדנת הולוגרמה,https://coralworld.co.il/%d7%94%d7%95%d7%9c%d7%95%d7%92%d7%a8%d7%9e%d7%94/,article,200,,2,y,873,
https://coralworld.co.il/%D7%94%D7%95%D7%A4%D7%A2%D7%95%D7%AA-%D7%95%D7%90%D7%99%D7%A8%D7%95%D7%A2%D7%99%D7%9D-%D7%9C%D7%99%D7%9C%D7%93%D7%99%D7%9D-%D7%95%D7%9E%D7%A9%D7%A4%D7%97%D7%95%D7%AA-%D7%91%D7%90%D7%99%D7%9C%D7%AA/,https://coralworld.co.il/%D7%94%D7%95%D7%A4%D7%A2%D7%95%D7%AA-%D7%95%D7%90%D7%99%D7%A8%D7%95%D7%A2%D7%99%D7%9D-%D7%9C%D7%99%D7%9C%D7%93%D7%99%D7%9D-%D7%95%D7%9E%D7%A9%D7%A4%D7%97%D7%95%D7%AA-%D7%91%D7%90%D7%99%D7%9C%D7%AA/,he,rtl,הופעות ואירועים לילדים ומשפחות באילת | המצפה התת ימי,מחפשים אטרקציות למשפחה באילת? במצפה התת ימי מגוון אטרקציות והצגות לילדים! לא לשכוח לרכוש כרטיס בזמן!,שוליית הקוסם של תיאטרון אורנה פורת מגיע למצפה התת ימי!,https://coralworld.co.il/%d7%94%d7%95%d7%a4%d7%a2%d7%95%d7%aa-%d7%95%d7%90%d7%99%d7%a8%d7%95%d7%a2%d7%99%d7%9d-%d7%9c%d7%99%d7%9c%d7%93%d7%99%d7%9d-%d7%95%d7%9e%d7%a9%d7%a4%d7%97%d7%95%d7%aa-%d7%91%d7%90%d7%99%d7%9c%d7%aa/,content,200,,2,y,1618,
https://coralworld.co.il/%D7%94%D7%96%D7%95%D7%92%D7%99%D7%95%D7%AA-%D7%94%D7%A0%D7%A6%D7%97%D7%99%D7%AA-%D7%A9%D7%9C-%D7%93%D7%92%D7%99-%D7%94%D7%A4%D7%A8%D7%A4%D7%A8%D7%95%D7%9F/,https://coralworld.co.il/%D7%94%D7%96%D7%95%D7%92%D7%99%D7%95%D7%AA-%D7%94%D7%A0%D7%A6%D7%97%D7%99%D7%AA-%D7%A9%D7%9C-%D7%93%D7%92%D7%99-%D7%94%D7%A4%D7%A8%D7%A4%D7%A8%D7%95%D7%9F/,he,rtl,פרפרונים | המצפה התת ימי,"דגי הפרפרון - אהבה, צבעים ותחכום מתחת לפני הים. כתבת תוכן מפארק המצפה התת-ימי, אילת",הזוגיות הנצחית של דגי הפרפרון,https://coralworld.co.il/%d7%94%d7%96%d7%95%d7%92%d7%99%d7%95%d7%aa-%d7%94%d7%a0%d7%a6%d7%97%d7%99%d7%aa-%d7%a9%d7%9c-%d7%93%d7%92%d7%99-%d7%94%d7%a4%d7%a8%d7%a4%d7%a8%d7%95%d7%9f/,article,200,,2,y,1388,
https://coralworld.co.il/%D7%94%D7%97%D7%99%D7%99%D7%9D-%D7%91%D7%97%D7%95%D7%A9%D7%9A-%D7%9E%D7%AA%D7%A2%D7%95%D7%A8%D7%A8%D7%99%D7%9D-%D7%A9%D7%9B%D7%95%D7%9C%D7%9D-%D7%99%D7%A9%D7%A0%D7%99%D7%9D/,https://coralworld.co.il/%D7%94%D7%97%D7%99%D7%99%D7%9D-%D7%91%D7%97%D7%95%D7%A9%D7%9A-%D7%9E%D7%AA%D7%A2%D7%95%D7%A8%D7%A8%D7%99%D7%9D-%D7%A9%D7%9B%D7%95%D7%9C%D7%9D-%D7%99%D7%A9%D7%A0%D7%99%D7%9D/,he,rtl,החיים בחושך – מתעוררים שכולם ישנים | המצפה התת ימי,,החיים בחושך – מתעוררים שכולם ישנים,https://coralworld.co.il/%d7%94%d7%97%d7%99%d7%99%d7%9d-%d7%91%d7%97%d7%95%d7%a9%d7%9a-%d7%9e%d7%aa%d7%a2%d7%95%d7%a8%d7%a8%d7%99%d7%9d-%d7%a9%d7%9b%d7%95%d7%9c%d7%9d-%d7%99%d7%a9%d7%a0%d7%99%d7%9d/,article,200,,2,y,737,
https://coralworld.co.il/%D7%94%D7%99%D7%A6%D7%95%D7%A8-%D7%94%D7%A9%D7%A7%D7%95%D7%A3-%D7%A9%D7%9E%D7%A6%D7%9C%D7%99%D7%97-%D7%9C%D7%A8%D7%AA%D7%A7-%D7%9E%D7%99%D7%9C%D7%99%D7%95%D7%A0%D7%99%D7%9D-%D7%91%D7%A8%D7%97%D7%91/,https://coralworld.co.il/%D7%94%D7%99%D7%A6%D7%95%D7%A8-%D7%94%D7%A9%D7%A7%D7%95%D7%A3-%D7%A9%D7%9E%D7%A6%D7%9C%D7%99%D7%97-%D7%9C%D7%A8%D7%AA%D7%A7-%D7%9E%D7%99%D7%9C%D7%99%D7%95%D7%A0%D7%99%D7%9D-%D7%91%D7%A8%D7%97%D7%91/,he,rtl,היצור השקוף שמצליח לרתק מיליונים ברחבי העולם | המצפה התת ימי,,היצור השקוף שמצליח לרתק מיליונים ברחבי העולם,https://coralworld.co.il/%d7%94%d7%99%d7%a6%d7%95%d7%a8-%d7%94%d7%a9%d7%a7%d7%95%d7%a3-%d7%a9%d7%9e%d7%a6%d7%9c%d7%99%d7%97-%d7%9c%d7%a8%d7%aa%d7%a7-%d7%9e%d7%99%d7%9c%d7%99%d7%95%d7%a0%d7%99%d7%9d-%d7%91%d7%a8%d7%97%d7%91/,article,200,,2,y,5,
https://coralworld.co.il/%D7%94%D7%9B%D7%A8%D7%99%D7%A9%D7%99%D7%9D-%D7%99%D7%95%D7%93%D7%A2%D7%99%D7%9D-%D7%A2%D7%9C%D7%99%D7%A0%D7%95-%D7%94%D7%9B%D7%95%D7%9C-%D7%A2%D7%95%D7%93-%D7%9C%D7%A4%D7%A0%D7%99-%D7%A9/,https://coralworld.co.il/%D7%94%D7%9B%D7%A8%D7%99%D7%A9%D7%99%D7%9D-%D7%99%D7%95%D7%93%D7%A2%D7%99%D7%9D-%D7%A2%D7%9C%D7%99%D7%A0%D7%95-%D7%94%D7%9B%D7%95%D7%9C-%D7%A2%D7%95%D7%93-%D7%9C%D7%A4%D7%A0%D7%99-%D7%A9/,he,rtl,הכרישים יודעים עלינו הכול – עוד לפני שראינו אותם | המצפה התת ימי,,הכרישים יודעים עלינו הכול - עוד לפני שראינו אותם,https://coralworld.co.il/%d7%94%d7%9b%d7%a8%d7%99%d7%a9%d7%99%d7%9d-%d7%99%d7%95%d7%93%d7%a2%d7%99%d7%9d-%d7%a2%d7%9c%d7%99%d7%a0%d7%95-%d7%94%d7%9b%d7%95%d7%9c-%d7%a2%d7%95%d7%93-%d7%9c%d7%a4%d7%a0%d7%99-%d7%a9/,article,200,,2,y,4,
https://coralworld.co.il/%D7%94%D7%A0%D7%A8%D7%95%D7%AA-%D7%94%D7%9C%D7%9C%D7%95-%D7%A9%D7%90%D7%A0%D7%95-%D7%9E%D7%A8%D7%98%D7%99%D7%91%D7%99%D7%9D/,https://coralworld.co.il/%D7%94%D7%A0%D7%A8%D7%95%D7%AA-%D7%94%D7%9C%D7%9C%D7%95-%D7%A9%D7%90%D7%A0%D7%95-%D7%9E%D7%A8%D7%98%D7%99%D7%91%D7%99%D7%9D/,he,rtl,הנרות הללו שאנו מרטיבים | המצפה התת ימי,,הנרות הללו שאנו מרטיבים,https://coralworld.co.il/%d7%94%d7%a0%d7%a8%d7%95%d7%aa-%d7%94%d7%9c%d7%9c%d7%95-%d7%a9%d7%90%d7%a0%d7%95-%d7%9e%d7%a8%d7%98%d7%99%d7%91%d7%99%d7%9d/,article,200,,2,y,836,
https://coralworld.co.il/%D7%94%D7%A4%D7%95%D7%92%D7%94-%D7%97%D7%95%D7%95%D7%99%D7%99%D7%AA%D7%99%D7%AA-%D7%91%D7%9E%D7%A6%D7%A4%D7%94-%D7%94%D7%AA%D7%AA-%D7%99%D7%9E%D7%99-%D7%91%D7%90%D7%99%D7%9C%D7%AA/,https://coralworld.co.il/%D7%94%D7%A4%D7%95%D7%92%D7%94-%D7%97%D7%95%D7%95%D7%99%D7%99%D7%AA%D7%99%D7%AA-%D7%91%D7%9E%D7%A6%D7%A4%D7%94-%D7%94%D7%AA%D7%AA-%D7%99%D7%9E%D7%99-%D7%91%D7%90%D7%99%D7%9C%D7%AA/,he,rtl,הפוגה חווייתית במצפה התת-ימי באילת | המצפה התת ימי,,,https://coralworld.co.il/%d7%94%d7%a4%d7%95%d7%92%d7%94-%d7%97%d7%95%d7%95%d7%99%d7%99%d7%aa%d7%99%d7%aa-%d7%91%d7%9e%d7%a6%d7%a4%d7%94-%d7%94%d7%aa%d7%aa-%d7%99%d7%9e%d7%99-%d7%91%d7%90%d7%99%d7%9c%d7%aa/,content,200,,2,y,872,
https://coralworld.co.il/%D7%94%D7%A4%D7%A0%D7%99%D7%A0%D7%92-%D7%97%D7%A0%D7%95%D7%9B%D7%94/,https://coralworld.co.il/%D7%94%D7%A4%D7%A0%D7%99%D7%A0%D7%92-%D7%97%D7%A0%D7%95%D7%9B%D7%94/,he,rtl,הפנינג חנוכה | המצפה התת ימי,,הפנינג חנוכה,https://coralworld.co.il/%d7%94%d7%a4%d7%a0%d7%99%d7%a0%d7%92-%d7%97%d7%a0%d7%95%d7%9b%d7%94/,form,200,,2,y,190,
https://coralworld.co.il/%d7%94%d7%a6%d7%94%d7%a8%d7%aa-%d7%a0%d7%92%d7%99%d7%a9%d7%95%d7%aa/,https://coralworld.co.il/%d7%94%d7%a6%d7%94%d7%a8%d7%aa-%d7%a0%d7%92%d7%99%d7%a9%d7%95%d7%aa/,he,rtl,הצהרת נגישות | המצפה התת ימי,"אנו ממשיכים בכל עת לשפר את ממשק הנגישות, להוסיף, לעדכן ולשפר אותו ואת חלקיו, וכן להתאים ואף לפתח טכנולוגיות חדשות על מנת להגיע לרמת הנגישות האופטימלית ביותר האפשרית",הצהרת נגישות,https://coralworld.co.il/%d7%94%d7%a6%d7%94%d7%a8%d7%aa-%d7%a0%d7%92%d7%99%d7%a9%d7%95%d7%aa/,accessibility,200,,2,n,310,
https://coralworld.co.il/%D7%94%D7%A6%D7%94%D7%A8%D7%AA-%D7%A0%D7%92%D7%99%D7%A9%D7%95%D7%AA/,https://coralworld.co.il/%D7%94%D7%A6%D7%94%D7%A8%D7%AA-%D7%A0%D7%92%D7%99%D7%A9%D7%95%D7%AA/,he,rtl,הצהרת נגישות | המצפה התת ימי,"אנו ממשיכים בכל עת לשפר את ממשק הנגישות, להוסיף, לעדכן ולשפר אותו ואת חלקיו, וכן להתאים ואף לפתח טכנולוגיות חדשות על מנת להגיע לרמת הנגישות האופטימלית ביותר האפשרית",הצהרת נגישות,https://coralworld.co.il/%d7%94%d7%a6%d7%94%d7%a8%d7%aa-%d7%a0%d7%92%d7%99%d7%a9%d7%95%d7%aa/,accessibility,200,,2,y,310,
https://coralworld.co.il/%d7%94%d7%a8%d7%a4%d7%aa%d7%a7%d7%94-%d7%91%d7%9e%d7%a2%d7%9e%d7%a7%d7%99-%d7%94%d7%99%d7%9d/,https://coralworld.co.il/%d7%94%d7%a8%d7%a4%d7%aa%d7%a7%d7%94-%d7%91%d7%9e%d7%a2%d7%9e%d7%a7%d7%99-%d7%94%d7%99%d7%9d/,he,rtl,הרפתקה במעמקי הים | המצפה התת ימי,,חוברת פעילות לילדים,https://coralworld.co.il/%d7%94%d7%a8%d7%a4%d7%aa%d7%a7%d7%94-%d7%91%d7%9e%d7%a2%d7%9e%d7%a7%d7%99-%d7%94%d7%99%d7%9d/,content,200,,2,n,1121,
https://coralworld.co.il/%D7%94%D7%A8%D7%A4%D7%AA%D7%A7%D7%94-%D7%91%D7%9E%D7%A2%D7%9E%D7%A7%D7%99-%D7%94%D7%99%D7%9D/,https://coralworld.co.il/%D7%94%D7%A8%D7%A4%D7%AA%D7%A7%D7%94-%D7%91%D7%9E%D7%A2%D7%9E%D7%A7%D7%99-%D7%94%D7%99%D7%9D/,he,rtl,הרפתקה במעמקי הים | המצפה התת ימי,,חוברת פעילות לילדים,https://coralworld.co.il/%d7%94%d7%a8%d7%a4%d7%aa%d7%a7%d7%94-%d7%91%d7%9e%d7%a2%d7%9e%d7%a7%d7%99-%d7%94%d7%99%d7%9d/,content,200,,2,y,1121,
https://coralworld.co.il/%D7%95%D7%A8%D7%99%D7%95%D7%9C%D7%94-%D7%9E%D7%A6%D7%98%D7%A8%D7%A4%D7%AA-%D7%9C%D7%91%D7%A8%D7%99%D7%9B%D7%AA-%D7%94%D7%9B%D7%A8%D7%99%D7%A9%D7%99%D7%9D/,https://coralworld.co.il/%D7%95%D7%A8%D7%99%D7%95%D7%9C%D7%94-%D7%9E%D7%A6%D7%98%D7%A8%D7%A4%D7%AA-%D7%9C%D7%91%D7%A8%D7%99%D7%9B%D7%AA-%D7%94%D7%9B%D7%A8%D7%99%D7%A9%D7%99%D7%9D/,he,rtl,וריולה מצטרפת לבריכת הכרישים | המצפה התת ימי,,וריולה מצטרפת לבריכת הכרישים,https://coralworld.co.il/%d7%95%d7%a8%d7%99%d7%95%d7%9c%d7%94-%d7%9e%d7%a6%d7%98%d7%a8%d7%a4%d7%aa-%d7%9c%d7%91%d7%a8%d7%99%d7%9b%d7%aa-%d7%94%d7%9b%d7%a8%d7%99%d7%a9%d7%99%d7%9d/,article,200,,2,y,67,
https://coralworld.co.il/%D7%96%D7%94%D7%A8%D7%95%D7%9F-%D7%90%D7%99%D7%9C%D7%AA%D7%99/,https://coralworld.co.il/%D7%96%D7%94%D7%A8%D7%95%D7%9F-%D7%90%D7%99%D7%9C%D7%AA%D7%99/,he,rtl,זהרון אילתי | המצפה התת ימי,,הזהרון האילתי,https://coralworld.co.il/%d7%96%d7%94%d7%a8%d7%95%d7%9f-%d7%90%d7%99%d7%9c%d7%aa%d7%99/,article,200,,2,y,2032,
https://coralworld.co.il/%D7%96%D7%94%D7%A8%D7%95%D7%9F-%D7%94%D7%93%D7%95%D7%A8-%D7%93%D7%92-%D7%9E%D7%9E%D7%A9%D7%A4%D7%97%D7%AA-%D7%94%D7%A2%D7%A7%D7%A8%D7%91%D7%A0%D7%95%D7%A0%D7%99%D7%99%D7%9D/,https://coralworld.co.il/%D7%96%D7%94%D7%A8%D7%95%D7%9F-%D7%94%D7%93%D7%95%D7%A8-%D7%93%D7%92-%D7%9E%D7%9E%D7%A9%D7%A4%D7%97%D7%AA-%D7%94%D7%A2%D7%A7%D7%A8%D7%91%D7%A0%D7%95%D7%A0%D7%99%D7%99%D7%9D/,he,rtl,זהרון הדור – דג ממשפחת העקרבנוניים | המצפה התת ימי,,זהרון הדור – דג ממשפחת העקרבנוניים,https://coralworld.co.il/%d7%96%d7%94%d7%a8%d7%95%d7%9f-%d7%94%d7%93%d7%95%d7%a8-%d7%93%d7%92-%d7%9e%d7%9e%d7%a9%d7%a4%d7%97%d7%aa-%d7%94%d7%a2%d7%a7%d7%a8%d7%91%d7%a0%d7%95%d7%a0%d7%99%d7%99%d7%9d/,article,200,,2,y,353,
https://coralworld.co.il/%D7%97%D7%95%D7%93%D7%A9-%D7%91%D7%A2%D7%9C%D7%99-%D7%97%D7%99%D7%99%D7%9D-%D7%9E%D7%90%D7%99%D7%A8%D7%99%D7%9D/,https://coralworld.co.il/%D7%97%D7%95%D7%93%D7%A9-%D7%91%D7%A2%D7%9C%D7%99-%D7%97%D7%99%D7%99%D7%9D-%D7%9E%D7%90%D7%99%D7%A8%D7%99%D7%9D/,he,rtl,חודש בעלי חיים מאירים | המצפה התת ימי,,✨ חודש בעלי חיים ✨ מאירים,https://coralworld.co.il/%d7%97%d7%95%d7%93%d7%a9-%d7%91%d7%a2%d7%9c%d7%99-%d7%97%d7%99%d7%99%d7%9d-%d7%9e%d7%90%d7%99%d7%a8%d7%99%d7%9d/,article,200,,2,y,1159,
https://coralworld.co.il/%D7%97%D7%95%D7%93%D7%A9-%D7%94%D7%92%D7%90%D7%95%D7%95%D7%94/,https://coralworld.co.il/%D7%97%D7%95%D7%93%D7%A9-%D7%94%D7%92%D7%90%D7%95%D7%95%D7%94/,he,rtl,חודש הגאווה | המצפה התת ימי,,,https://coralworld.co.il/%d7%97%d7%95%d7%93%d7%a9-%d7%94%d7%92%d7%90%d7%95%d7%95%d7%94/,content,200,,2,y,1752,
https://coralworld.co.il/%D7%97%D7%95%D7%93%D7%A9-%D7%94%D7%9E%D7%93%D7%95%D7%96%D7%94/,https://coralworld.co.il/%D7%97%D7%95%D7%93%D7%A9-%D7%94%D7%9E%D7%93%D7%95%D7%96%D7%94/,he,rtl,חודש המדוזה | המצפה התת ימי,,חודש המדוזה,https://coralworld.co.il/%d7%97%d7%95%d7%93%d7%a9-%d7%94%d7%9e%d7%93%d7%95%d7%96%d7%94/,article,200,,2,y,996,
https://coralworld.co.il/%D7%97%D7%99%D7%9C%D7%95%D7%A5-%D7%9E%D7%95%D7%A8%D7%A0%D7%94-%D7%95%D7%98%D7%99%D7%A4%D7%95%D7%9C%D7%94/,https://coralworld.co.il/%D7%97%D7%99%D7%9C%D7%95%D7%A5-%D7%9E%D7%95%D7%A8%D7%A0%D7%94-%D7%95%D7%98%D7%99%D7%A4%D7%95%D7%9C%D7%94/,he,rtl,חילוץ מורנה וטיפולה | המצפה התת ימי,,חילוץ מורנה וטיפולה,https://coralworld.co.il/%d7%97%d7%99%d7%9c%d7%95%d7%a5-%d7%9e%d7%95%d7%a8%d7%a0%d7%94-%d7%95%d7%98%d7%99%d7%a4%d7%95%d7%9c%d7%94/,article,200,,2,y,60,
https://coralworld.co.il/%D7%97%D7%A0%D7%95%D7%9B%D7%94-%D7%91%D7%9E%D7%A6%D7%A4%D7%94-%D7%94%D7%AA%D7%AA-%D7%99%D7%9E%D7%99/,https://coralworld.co.il/%D7%94%D7%A4%D7%A0%D7%99%D7%A0%D7%92-%D7%97%D7%A0%D7%95%D7%9B%D7%94/,he,rtl,הפנינג חנוכה | המצפה התת ימי,,הפנינג חנוכה,https://coralworld.co.il/%d7%94%d7%a4%d7%a0%d7%99%d7%a0%d7%92-%d7%97%d7%a0%d7%95%d7%9b%d7%94/,form,200,https://coralworld.co.il/%D7%97%D7%A0%D7%95%D7%9B%D7%94-%D7%91%D7%9E%D7%A6%D7%A4%D7%94-%D7%94%D7%AA%D7%AA-%D7%99%D7%9E%D7%99/,2,y,190,
https://coralworld.co.il/%D7%97%D7%A9%D7%99%D7%91%D7%95%D7%AA%D7%9D-%D7%A9%D7%9C-%D7%94%D7%A6%D7%91%D7%A2%D7%99%D7%9D-%D7%95%D7%94%D7%94%D7%A1%D7%95%D7%95%D7%90%D7%94-%D7%90%D7%A6%D7%9C-%D7%93%D7%92%D7%99%D7%9D/,https://coralworld.co.il/%D7%97%D7%A9%D7%99%D7%91%D7%95%D7%AA%D7%9D-%D7%A9%D7%9C-%D7%94%D7%A6%D7%91%D7%A2%D7%99%D7%9D-%D7%95%D7%94%D7%94%D7%A1%D7%95%D7%95%D7%90%D7%94-%D7%90%D7%A6%D7%9C-%D7%93%D7%92%D7%99%D7%9D/,he,rtl,חשיבותם של הצבעים וההסוואה אצל דגים | המצפה התת ימי,,חשיבותם של הצבעים וההסוואה אצל דגים,https://coralworld.co.il/%d7%97%d7%a9%d7%99%d7%91%d7%95%d7%aa%d7%9d-%d7%a9%d7%9c-%d7%94%d7%a6%d7%91%d7%a2%d7%99%d7%9d-%d7%95%d7%94%d7%94%d7%a1%d7%95%d7%95%d7%90%d7%94-%d7%90%d7%a6%d7%9c-%d7%93%d7%92%d7%99%d7%9d/,article,200,,2,y,454,
https://coralworld.co.il/%D7%98%D7%95%D7%91%D7%99%D7%9D-%D7%94%D7%A9%D7%A0%D7%99%D7%99%D7%9D-%D7%9E%D7%9F-%D7%94%D7%90%D7%97%D7%93/,https://coralworld.co.il/%D7%98%D7%95%D7%91%D7%99%D7%9D-%D7%94%D7%A9%D7%A0%D7%99%D7%99%D7%9D-%D7%9E%D7%9F-%D7%94%D7%90%D7%97%D7%93/,he,rtl,טובים השניים מן האחד | המצפה התת ימי,,טובים השניים מן האחד,https://coralworld.co.il/%d7%98%d7%95%d7%91%d7%99%d7%9d-%d7%94%d7%a9%d7%a0%d7%99%d7%99%d7%9d-%d7%9e%d7%9f-%d7%94%d7%90%d7%97%d7%93/,article,200,,2,y,635,
https://coralworld.co.il/%D7%98%D7%99%D7%A4%D7%95%D7%9C-%D7%90%D7%A0%D7%98%D7%99%D7%91%D7%99%D7%95%D7%98%D7%99-%D7%9C%D7%A6%D7%91%D7%99%D7%9D-%D7%91%D7%A4%D7%90%D7%A8%D7%A7/,https://coralworld.co.il/%D7%98%D7%99%D7%A4%D7%95%D7%9C-%D7%90%D7%A0%D7%98%D7%99%D7%91%D7%99%D7%95%D7%98%D7%99-%D7%9C%D7%A6%D7%91%D7%99%D7%9D-%D7%91%D7%A4%D7%90%D7%A8%D7%A7/,he,rtl,טיפול אנטיביוטי לצבים בפארק | המצפה התת ימי,,טיפול אנטיביוטי לצבים בפארק,https://coralworld.co.il/%d7%98%d7%99%d7%a4%d7%95%d7%9c-%d7%90%d7%a0%d7%98%d7%99%d7%91%d7%99%d7%95%d7%98%d7%99-%d7%9c%d7%a6%d7%91%d7%99%d7%9d-%d7%91%d7%a4%d7%90%d7%a8%d7%a7/,article,200,,2,y,53,
https://coralworld.co.il/%D7%98%D7%99%D7%A4%D7%95%D7%9C-%D7%91%D7%A6%D7%91%D7%99-%D7%94%D7%99%D7%9D-%D7%91%D7%9E%D7%A6%D7%A4%D7%94/,https://coralworld.co.il/%D7%98%D7%99%D7%A4%D7%95%D7%9C-%D7%91%D7%A6%D7%91%D7%99-%D7%94%D7%99%D7%9D-%D7%91%D7%9E%D7%A6%D7%A4%D7%94/,he,rtl,טיפול בצבי הים במצפה | המצפה התת ימי,"טיפול בצבי הים במצפה התת ימי באילת הוא לא משהו שלוקחים בקלות! הצוות המטפל שלנו דואג לצבים, שוקל ומנקה אותם ודואג לבריאותם בכל עת!",טיפול בצבי הים במצפה,https://coralworld.co.il/%d7%98%d7%99%d7%a4%d7%95%d7%9c-%d7%91%d7%a6%d7%91%d7%99-%d7%94%d7%99%d7%9d-%d7%91%d7%9e%d7%a6%d7%a4%d7%94/,article,200,,2,y,16,
https://coralworld.co.il/%d7%99%d7%93%d7%99%d7%93%d7%99-%d7%94%d7%99%d7%9d-%d7%94%d7%90%d7%93%d7%95%d7%9d/,https://coralworld.co.il/%d7%99%d7%93%d7%99%d7%93%d7%99-%d7%94%d7%99%d7%9d-%d7%94%d7%90%d7%93%d7%95%d7%9d/,he,rtl,ידידי הים האדום | המצפה התת ימי,המצפה התת ימי הוא חלק בלתי נפרד ממפרץ אילת. אנו פועלים לשמירת האיזון הטבעי של המפרץ ובעלי החיים שעבורם הוא בית. הצטרפו אל ידידי הים האדום כדי שנוכל ליהנות מיופיו ומעוצמתו של הטבע,ידידי הים האדום,https://coralworld.co.il/%d7%99%d7%93%d7%99%d7%93%d7%99-%d7%94%d7%99%d7%9d-%d7%94%d7%90%d7%93%d7%95%d7%9d/,content,200,,2,n,939,
https://coralworld.co.il/%D7%99%D7%93%D7%99%D7%93%D7%99-%D7%94%D7%99%D7%9D-%D7%94%D7%90%D7%93%D7%95%D7%9D/,https://coralworld.co.il/%D7%99%D7%93%D7%99%D7%93%D7%99-%D7%94%D7%99%D7%9D-%D7%94%D7%90%D7%93%D7%95%D7%9D/,he,rtl,ידידי הים האדום | המצפה התת ימי,המצפה התת ימי הוא חלק בלתי נפרד ממפרץ אילת. אנו פועלים לשמירת האיזון הטבעי של המפרץ ובעלי החיים שעבורם הוא בית. הצטרפו אל ידידי הים האדום כדי שנוכל ליהנות מיופיו ומעוצמתו של הטבע,ידידי הים האדום,https://coralworld.co.il/%d7%99%d7%93%d7%99%d7%93%d7%99-%d7%94%d7%99%d7%9d-%d7%94%d7%90%d7%93%d7%95%d7%9d/,content,200,,2,y,939,
https://coralworld.co.il/%d7%99%d7%9d-%d7%a9%d7%9c-%d7%99%d7%a6%d7%99%d7%a8%d7%94/,https://coralworld.co.il/%d7%99%d7%9d-%d7%a9%d7%9c-%d7%99%d7%a6%d7%99%d7%a8%d7%94/,he,rtl,ים של יצירה | המצפה התת ימי,"דפי פעילות וצביעה לילדים ולכל המשפחה באתר המצפה התת ימי באילת! פשוט להוריד, להדפיס וליצור בכיף!",דפי פעילות וצביעה לכל המשפחה,https://coralworld.co.il/%d7%99%d7%9d-%d7%a9%d7%9c-%d7%99%d7%a6%d7%99%d7%a8%d7%94/,form,200,,2,n,167,
https://coralworld.co.il/%D7%99%D7%9D-%D7%A9%D7%9C-%D7%99%D7%A6%D7%99%D7%A8%D7%94/,https://coralworld.co.il/%D7%99%D7%9D-%D7%A9%D7%9C-%D7%99%D7%A6%D7%99%D7%A8%D7%94/,he,rtl,ים של יצירה | המצפה התת ימי,"דפי פעילות וצביעה לילדים ולכל המשפחה באתר המצפה התת ימי באילת! פשוט להוריד, להדפיס וליצור בכיף!",דפי פעילות וצביעה לכל המשפחה,https://coralworld.co.il/%d7%99%d7%9d-%d7%a9%d7%9c-%d7%99%d7%a6%d7%99%d7%a8%d7%94/,form,200,,2,y,167,
https://coralworld.co.il/%D7%99%D7%9D-%D7%A9%D7%9C-%D7%A9%D7%90%D7%9C%D7%95%D7%AA/,https://coralworld.co.il/%D7%99%D7%9D-%D7%A9%D7%9C-%D7%A9%D7%90%D7%9C%D7%95%D7%AA/,he,rtl,ים של שאלות | המצפה התת ימי,,לחצו על שאלה וגלו את הסיפור מאחוריה,https://coralworld.co.il/%d7%99%d7%9d-%d7%a9%d7%9c-%d7%a9%d7%90%d7%9c%d7%95%d7%aa/,faq,200,,2,y,4,
https://coralworld.co.il/%D7%9B%D7%95%D7%9B%D7%91%D7%99-%D7%99%D7%9D/,https://coralworld.co.il/%D7%9B%D7%95%D7%9B%D7%91%D7%99-%D7%99%D7%9D/,he,rtl,כוכבי ים ומגוון מיני דגים - אטרקציות לילדים באילת | המצפה התת ימי,"כוכב הים מתאפיין בסימטריה מעגלית מחומשת, כלומר כל אחת מחמש זרועותיו זהה לשאר הזרועות וכולן סובבות סביב אזור מרכזי טבעתי. צפו בתמונות ומידע נוסף על כוכבי ים במצפה התת ימי באילת!",כוכבי-ים,https://coralworld.co.il/%d7%9b%d7%95%d7%9b%d7%91%d7%99-%d7%99%d7%9d/,article,200,,2,y,217,
https://coralworld.co.il/%D7%9B%D7%A8%D7%98%D7%99%D7%A1%D7%9F-%D7%99%D7%AA-%D7%9C%D7%9B%D7%A0%D7%99%D7%A1%D7%94-%D7%A8%D7%90%D7%A9%D7%99%D7%AA-2/,https://coralworld.co.il/%D7%9B%D7%A8%D7%98%D7%99%D7%A1%D7%9F-%D7%99%D7%AA-%D7%9C%D7%9B%D7%A0%D7%99%D7%A1%D7%94-%D7%A8%D7%90%D7%A9%D7%99%D7%AA-2/,he,rtl,כרטיסן/ית לכניסה ראשית | המצפה התת ימי,,,https://coralworld.co.il/%d7%9b%d7%a8%d7%98%d7%99%d7%a1%d7%9f-%d7%99%d7%aa-%d7%9c%d7%9b%d7%a0%d7%99%d7%a1%d7%94-%d7%a8%d7%90%d7%a9%d7%99%d7%aa-2/,article,200,,2,y,900,
https://coralworld.co.il/%D7%9B%D7%A8%D7%98%D7%99%D7%A1%D7%9F-%D7%99%D7%AA-%D7%9C%D7%9B%D7%A0%D7%99%D7%A1%D7%94-%D7%A8%D7%90%D7%A9%D7%99%D7%AA/,https://coralworld.co.il/%D7%9B%D7%A8%D7%98%D7%99%D7%A1%D7%9F-%D7%99%D7%AA-%D7%9C%D7%9B%D7%A0%D7%99%D7%A1%D7%94-%D7%A8%D7%90%D7%A9%D7%99%D7%AA/,he,rtl,אחראי קולנוע אקווה דום ומחשוב מערכות מידע | המצפה התת ימי,,,https://coralworld.co.il/%d7%9b%d7%a8%d7%98%d7%99%d7%a1%d7%9f-%d7%99%d7%aa-%d7%9c%d7%9b%d7%a0%d7%99%d7%a1%d7%94-%d7%a8%d7%90%d7%a9%d7%99%d7%aa/,article,200,,2,y,907,
https://coralworld.co.il/%D7%9B%D7%A8%D7%99%D7%A9-%D7%94%D7%96%D7%A0%D7%91%D7%AA%D7%9F-%D7%9E%D7%A0%D7%95%D7%9E%D7%A8/,https://coralworld.co.il/%D7%9B%D7%A8%D7%99%D7%A9-%D7%94%D7%96%D7%A0%D7%91%D7%AA%D7%9F-%D7%9E%D7%A0%D7%95%D7%9E%D7%A8/,he,rtl,כריש הזנבתן מנומר | המצפה התת ימי,,כריש הזנבתן מנומר,https://coralworld.co.il/%d7%9b%d7%a8%d7%99%d7%a9-%d7%94%d7%96%d7%a0%d7%91%d7%aa%d7%9f-%d7%9e%d7%a0%d7%95%d7%9e%d7%a8/,article,200,,2,y,151,
https://coralworld.co.il/%D7%9B%D7%A8%D7%99%D7%A9-%D7%A0%D7%9E%D7%A8/,https://coralworld.co.il/%D7%9B%D7%A8%D7%99%D7%A9-%D7%A0%D7%9E%D7%A8/,he,rtl,כריש נמר - מה אנחנו יודעים עליו? | המצפה התת ימי,"סימני היכר של כריש נמר: דוגמת פסים של נמר, צורות שיניים מיוחדות. איזור מחיה של כריש נמר: משייט בכל הימים הטרופיים/ סבטרופיים בעומקים של 3 עד 300 מ'. הכירו את כריש הנמר >>>",כריש נמר,https://coralworld.co.il/%d7%9b%d7%a8%d7%99%d7%a9-%d7%a0%d7%9e%d7%a8/,article,200,,2,y,100,
https://coralworld.co.il/%D7%9B%D7%A8%D7%99%D7%A9-%D7%A1%D7%A0%D7%A4%D7%99%D7%A8%D7%AA%D7%9F-2/,https://coralworld.co.il/%D7%9B%D7%A8%D7%99%D7%A9-%D7%A1%D7%A0%D7%A4%D7%99%D7%A8%D7%AA%D7%9F-2/,he,rtl,כריש סנפירתן | המצפה התת ימי,,,https://coralworld.co.il/%d7%9b%d7%a8%d7%99%d7%a9-%d7%a1%d7%a0%d7%a4%d7%99%d7%a8%d7%aa%d7%9f-2/,article,200,,2,y,4,
https://coralworld.co.il/%D7%9B%D7%A8%D7%99%D7%A9-%D7%A1%D7%A0%D7%A4%D7%99%D7%A8%D7%AA%D7%9F/,https://coralworld.co.il/%D7%9B%D7%A8%D7%99%D7%A9-%D7%A1%D7%A0%D7%A4%D7%99%D7%A8%D7%AA%D7%9F/,he,rtl,כריש סנפירתן | המצפה התת ימי,,כריש סנפירתן,https://coralworld.co.il/%d7%9b%d7%a8%d7%99%d7%a9-%d7%a1%d7%a0%d7%a4%d7%99%d7%a8%d7%aa%d7%9f/,article,200,,2,y,162,
https://coralworld.co.il/%D7%9B%D7%A8%D7%99%D7%A9-%D7%A9%D7%95%D7%A2%D7%9C/,https://coralworld.co.il/%D7%9B%D7%A8%D7%99%D7%A9-%D7%A9%D7%95%D7%A2%D7%9C/,he,rtl,כריש שועל | המצפה התת ימי,,כריש שועל,https://coralworld.co.il/%d7%9b%d7%a8%d7%99%d7%a9-%d7%a9%d7%95%d7%a2%d7%9c/,article,200,,2,y,117,
https://coralworld.co.il/%D7%9B%D7%A8%D7%99%D7%A9%D7%95%D7%9F-%D7%9E%D7%A9%D7%94/,https://coralworld.co.il/%D7%9B%D7%A8%D7%99%D7%A9%D7%95%D7%9F-%D7%9E%D7%A9%D7%94/,he,rtl,כרישון משה | המצפה התת ימי,,כרישון משה,https://coralworld.co.il/%d7%9b%d7%a8%d7%99%d7%a9%d7%95%d7%9f-%d7%9e%d7%a9%d7%94/,article,200,,2,y,114,
https://coralworld.co.il/%d7%9b%d7%a8%d7%99%d7%a9%d7%99%d7%9d-%d7%94%d7%90%d7%9e%d7%aa-%d7%a9%d7%9e%d7%aa%d7%97%d7%aa-%d7%9c%d7%a4%d7%a0%d7%99-%d7%94%d7%9e%d7%99%d7%9d/,https://coralworld.co.il/%d7%9b%d7%a8%d7%99%d7%a9%d7%99%d7%9d-%d7%94%d7%90%d7%9e%d7%aa-%d7%a9%d7%9e%d7%aa%d7%97%d7%aa-%d7%9c%d7%a4%d7%a0%d7%99-%d7%94%d7%9e%d7%99%d7%9d/,he,rtl,כרישים: האמת שמתחת לפני המים | המצפה התת ימי,,כרישים: האמת שמתחת לפני המים,https://coralworld.co.il/%d7%9b%d7%a8%d7%99%d7%a9%d7%99%d7%9d-%d7%94%d7%90%d7%9e%d7%aa-%d7%a9%d7%9e%d7%aa%d7%97%d7%aa-%d7%9c%d7%a4%d7%a0%d7%99-%d7%94%d7%9e%d7%99%d7%9d/,article,200,,2,n,15,
https://coralworld.co.il/%D7%9B%D7%A8%D7%99%D7%A9%D7%99%D7%9D-%D7%94%D7%90%D7%9E%D7%AA-%D7%A9%D7%9E%D7%AA%D7%97%D7%AA-%D7%9C%D7%A4%D7%A0%D7%99-%D7%94%D7%9E%D7%99%D7%9D/,https://coralworld.co.il/%D7%9B%D7%A8%D7%99%D7%A9%D7%99%D7%9D-%D7%94%D7%90%D7%9E%D7%AA-%D7%A9%D7%9E%D7%AA%D7%97%D7%AA-%D7%9C%D7%A4%D7%A0%D7%99-%D7%94%D7%9E%D7%99%D7%9D/,he,rtl,כרישים: האמת שמתחת לפני המים | המצפה התת ימי,,כרישים: האמת שמתחת לפני המים,https://coralworld.co.il/%d7%9b%d7%a8%d7%99%d7%a9%d7%99%d7%9d-%d7%94%d7%90%d7%9e%d7%aa-%d7%a9%d7%9e%d7%aa%d7%97%d7%aa-%d7%9c%d7%a4%d7%a0%d7%99-%d7%94%d7%9e%d7%99%d7%9d/,article,200,,2,y,15,
https://coralworld.co.il/%D7%9B%D7%A8%D7%99%D7%A9%D7%99%D7%9D-2/,https://coralworld.co.il/%D7%9B%D7%A8%D7%99%D7%A9%D7%99%D7%9D-2/,he,rtl,כרישים | המצפה התת ימי,"משפחת הכרישאים מונה מעל 270 מינים. הכנסו עכשיו לקרוא מידע נוסף על כרישים, מינים, סוגים ועוד",כרישים,https://coralworld.co.il/%d7%9b%d7%a8%d7%99%d7%a9%d7%99%d7%9d-2/,article,200,,3,y,1475,
https://coralworld.co.il/%D7%9B%D7%A8%D7%99%D7%A9%D7%99%D7%9D/,https://coralworld.co.il/%D7%9B%D7%A8%D7%99%D7%A9%D7%99%D7%9D/,he,rtl,כרישים | המצפה התת ימי,,כרישים,https://coralworld.co.il/%d7%9b%d7%a8%d7%99%d7%a9%d7%99%d7%9d/,article,200,,2,y,11,
https://coralworld.co.il/%D7%9B%D7%AA%D7%91%D7%95-%D7%A2%D7%9C%D7%99%D7%A0%D7%95-%D7%91%D7%AA%D7%A7%D7%A9%D7%95%D7%A8%D7%AA/,https://coralworld.co.il/%D7%9B%D7%AA%D7%91%D7%95-%D7%A2%D7%9C%D7%99%D7%A0%D7%95-%D7%91%D7%AA%D7%A7%D7%A9%D7%95%D7%A8%D7%AA/,he,rtl,כתבו עלינו בתקשורת | המצפה התת ימי,,כתבו עלינו בתקשורת,https://coralworld.co.il/%d7%9b%d7%aa%d7%91%d7%95-%d7%a2%d7%9c%d7%99%d7%a0%d7%95-%d7%91%d7%aa%d7%a7%d7%a9%d7%95%d7%a8%d7%aa/,form,200,,2,y,166,
https://coralworld.co.il/%D7%9B%D7%AA%D7%91%D7%95%D7%AA/,https://coralworld.co.il/%D7%9B%D7%AA%D7%91%D7%95%D7%AA/,he,rtl,כתבות | המצפה התת ימי,,להכיר את החיים במפרץ אילת,https://coralworld.co.il/%d7%9b%d7%aa%d7%91%d7%95%d7%aa/,form,200,,2,y,28,
https://coralworld.co.il/%D7%9C%D7%99%D7%A9%D7%95%D7%9F-%D7%9E%D7%AA%D7%97%D7%AA-%D7%9C%D7%9E%D7%99%D7%9D/,https://coralworld.co.il/%D7%9C%D7%99%D7%A9%D7%95%D7%9F-%D7%9E%D7%AA%D7%97%D7%AA-%D7%9C%D7%9E%D7%99%D7%9D/,he,rtl,לישון מתחת למים | המצפה התת ימי,,לישון מתחת למים,https://coralworld.co.il/%d7%9c%d7%99%d7%a9%d7%95%d7%9f-%d7%9e%d7%aa%d7%97%d7%aa-%d7%9c%d7%9e%d7%99%d7%9d/,article,200,,2,y,863,
https://coralworld.co.il/%D7%9C%D7%A4%D7%A2%D7%9E%D7%99%D7%9D-%D7%97%D7%9C%D7%95%D7%9E%D7%95%D7%AA-%D7%9E%D7%AA%D7%92%D7%A9%D7%9E%D7%99%D7%9D/,https://coralworld.co.il/%D7%9C%D7%A4%D7%A2%D7%9E%D7%99%D7%9D-%D7%97%D7%9C%D7%95%D7%9E%D7%95%D7%AA-%D7%9E%D7%AA%D7%92%D7%A9%D7%9E%D7%99%D7%9D/,he,rtl,לפעמים חלומות מתגשמים | המצפה התת ימי,"המצפה התת ימי באילת הוא התגשמות של חלום, חזון ושילוב של מציאות. בואו להכיר מקורב את אנשי החזון, מוריס קאהן, דיויד פרידמן והשותפים להקמה והעשייה לפרויקט היחודי והמיוחד מסוגו בארץ ובעולם!",לפעמים חלומות מתגשמים,https://coralworld.co.il/%d7%9c%d7%a4%d7%a2%d7%9e%d7%99%d7%9d-%d7%97%d7%9c%d7%95%d7%9e%d7%95%d7%aa-%d7%9e%d7%aa%d7%92%d7%a9%d7%9e%d7%99%d7%9d/,article,200,,3,y,99,
https://coralworld.co.il/%D7%9E%D7%91%D7%A6%D7%A2-%D7%A0%D7%99%D7%A7%D7%99%D7%95%D7%9F-%D7%A8%D7%A9%D7%AA%D7%95%D7%AA-%D7%93%D7%99%D7%99%D7%92/,https://coralworld.co.il/%D7%9E%D7%91%D7%A6%D7%A2-%D7%A0%D7%99%D7%A7%D7%99%D7%95%D7%9F-%D7%A8%D7%A9%D7%AA%D7%95%D7%AA-%D7%93%D7%99%D7%99%D7%92/,he,rtl,מבצע ניקיון רשתות דייג | המצפה התת ימי,,מבצע ניקיון רשתות דייג,https://coralworld.co.il/%d7%9e%d7%91%d7%a6%d7%a2-%d7%a0%d7%99%d7%a7%d7%99%d7%95%d7%9f-%d7%a8%d7%a9%d7%aa%d7%95%d7%aa-%d7%93%d7%99%d7%99%d7%92/,article,200,,2,y,65,
https://coralworld.co.il/%D7%9E%D7%93%D7%95%D7%96%D7%95%D7%AA/,https://coralworld.co.il/%D7%9E%D7%93%D7%95%D7%96%D7%95%D7%AA/,he,rtl,מדוזות | המצפה התת ימי,,מדוזות,https://coralworld.co.il/%d7%9e%d7%93%d7%95%d7%96%d7%95%d7%aa/,article,200,,2,y,247,
https://coralworld.co.il/%D7%9E%D7%97%D7%9C%D7%A7%D7%AA-%D7%90%D7%97%D7%96%D7%A7%D7%94-%D7%A2%D7%95%D7%91%D7%93-%D7%A0%D7%99%D7%A7%D7%99%D7%95%D7%9F/,https://coralworld.co.il/%D7%9E%D7%97%D7%9C%D7%A7%D7%AA-%D7%90%D7%97%D7%96%D7%A7%D7%94-%D7%A2%D7%95%D7%91%D7%93-%D7%A0%D7%99%D7%A7%D7%99%D7%95%D7%9F/,he,rtl,מחלקת אחזקה – עובד ניקיון | המצפה התת ימי,,,https://coralworld.co.il/%d7%9e%d7%97%d7%9c%d7%a7%d7%aa-%d7%90%d7%97%d7%96%d7%a7%d7%94-%d7%a2%d7%95%d7%91%d7%93-%d7%a0%d7%99%d7%a7%d7%99%d7%95%d7%9f/,article,200,,2,y,894,
https://coralworld.co.il/%D7%9E%D7%97%D7%9C%D7%A7%D7%AA-%D7%90%D7%97%D7%96%D7%A7%D7%94/,https://coralworld.co.il/%D7%9E%D7%97%D7%9C%D7%A7%D7%AA-%D7%90%D7%97%D7%96%D7%A7%D7%94/,he,rtl,מחלקת אחזקה – חשמלאי | המצפה התת ימי,,,https://coralworld.co.il/%d7%9e%d7%97%d7%9c%d7%a7%d7%aa-%d7%90%d7%97%d7%96%d7%a7%d7%94/,article,200,,2,y,895,
https://coralworld.co.il/%D7%9E%D7%97%D7%9C%D7%A7%D7%AA-%D7%9E%D7%96%D7%95%D7%9F-%D7%95%D7%9E%D7%A9%D7%A7%D7%90%D7%95%D7%AA-%D7%A2%D7%95%D7%91%D7%93-%D7%93%D7%9C%D7%A4%D7%A7/,https://coralworld.co.il/%D7%9E%D7%97%D7%9C%D7%A7%D7%AA-%D7%9E%D7%96%D7%95%D7%9F-%D7%95%D7%9E%D7%A9%D7%A7%D7%90%D7%95%D7%AA-%D7%A2%D7%95%D7%91%D7%93-%D7%93%D7%9C%D7%A4%D7%A7/,he,rtl,מחלקת מזון ומשקאות – עובד דלפק | המצפה התת ימי,,,https://coralworld.co.il/%d7%9e%d7%97%d7%9c%d7%a7%d7%aa-%d7%9e%d7%96%d7%95%d7%9f-%d7%95%d7%9e%d7%a9%d7%a7%d7%90%d7%95%d7%aa-%d7%a2%d7%95%d7%91%d7%93-%d7%93%d7%9c%d7%a4%d7%a7/,article,200,,2,y,906,
https://coralworld.co.il/%D7%9E%D7%97%D7%9C%D7%A7%D7%AA-%D7%9E%D7%96%D7%95%D7%9F-%D7%95%D7%9E%D7%A9%D7%A7%D7%90%D7%95%D7%AA-%D7%A2%D7%95%D7%91%D7%93-%D7%AA-%D7%A0%D7%99%D7%A7%D7%99%D7%95%D7%9F/,https://coralworld.co.il/%D7%9E%D7%97%D7%9C%D7%A7%D7%AA-%D7%9E%D7%96%D7%95%D7%9F-%D7%95%D7%9E%D7%A9%D7%A7%D7%90%D7%95%D7%AA-%D7%A2%D7%95%D7%91%D7%93-%D7%AA-%D7%A0%D7%99%D7%A7%D7%99%D7%95%D7%9F/,he,rtl,מחלקת מזון ומשקאות – עובד/ת ניקיון | המצפה התת ימי,,,https://coralworld.co.il/%d7%9e%d7%97%d7%9c%d7%a7%d7%aa-%d7%9e%d7%96%d7%95%d7%9f-%d7%95%d7%9e%d7%a9%d7%a7%d7%90%d7%95%d7%aa-%d7%a2%d7%95%d7%91%d7%93-%d7%aa-%d7%a0%d7%99%d7%a7%d7%99%d7%95%d7%9f/,article,200,,2,y,894,
https://coralworld.co.il/%D7%9E%D7%99-%D7%90%D7%A0%D7%99/,https://coralworld.co.il/%D7%9E%D7%99-%D7%90%D7%A0%D7%99/,he,rtl,מי אני? | המצפה התת ימי,,מי אני?,https://coralworld.co.il/%d7%9e%d7%99-%d7%90%d7%a0%d7%99/,article,200,,2,y,2066,
https://coralworld.co.il/%D7%9E%D7%99-%D7%90%D7%AA%D7%9F-%D7%9E%D7%93%D7%95%D7%96%D7%95%D7%AA-%D7%99%D7%A9%D7%A8%D7%90%D7%9C/,https://coralworld.co.il/%D7%9E%D7%99-%D7%90%D7%AA%D7%9F-%D7%9E%D7%93%D7%95%D7%96%D7%95%D7%AA-%D7%99%D7%A9%D7%A8%D7%90%D7%9C/,he,rtl,"מי אתן, מדוזות ישראל? | המצפה התת ימי",,"מי אתן, מדוזות ישראל?",https://coralworld.co.il/%d7%9e%d7%99-%d7%90%d7%aa%d7%9f-%d7%9e%d7%93%d7%95%d7%96%d7%95%d7%aa-%d7%99%d7%a9%d7%a8%d7%90%d7%9c/,article,200,,2,y,5,
https://coralworld.co.il/%D7%9E%D7%9C%D7%A4%D7%A4%D7%95%D7%A0%D7%99-%D7%99%D7%9D/,https://coralworld.co.il/%D7%9E%D7%9C%D7%A4%D7%A4%D7%95%D7%A0%D7%99-%D7%99%D7%9D/,he,rtl,מלפפוני-ים | המצפה התת ימי,,מלפפוני-ים,https://coralworld.co.il/%d7%9e%d7%9c%d7%a4%d7%a4%d7%95%d7%a0%d7%99-%d7%99%d7%9d/,article,200,,2,y,344,
https://coralworld.co.il/%d7%9e%d7%a4%d7%aa-%d7%94%d7%a4%d7%90%d7%a8%d7%a7/,https://coralworld.co.il/%d7%9e%d7%a4%d7%aa-%d7%94%d7%a4%d7%90%d7%a8%d7%a7/,he,rtl,מפה אינטראקטיבית | המצפה התת ימי,נווטו בפארק המצפה התת ימי באילת באמצעות מפה אינטראקטיבית לנוחותכם! מקווים לראותכם בקרוב בפארק!,,https://coralworld.co.il/%d7%9e%d7%a4%d7%aa-%d7%94%d7%a4%d7%90%d7%a8%d7%a7/,content,200,,2,n,583,
https://coralworld.co.il/%D7%9E%D7%A4%D7%AA-%D7%94%D7%A4%D7%90%D7%A8%D7%A7/,https://coralworld.co.il/%D7%9E%D7%A4%D7%AA-%D7%94%D7%A4%D7%90%D7%A8%D7%A7/,he,rtl,מפה אינטראקטיבית | המצפה התת ימי,נווטו בפארק המצפה התת ימי באילת באמצעות מפה אינטראקטיבית לנוחותכם! מקווים לראותכם בקרוב בפארק!,,https://coralworld.co.il/%d7%9e%d7%a4%d7%aa-%d7%94%d7%a4%d7%90%d7%a8%d7%a7/,content,200,,2,y,583,
https://coralworld.co.il/%D7%9E%D7%A9%D7%A4%D7%97%D7%AA-%D7%94%D7%90%D7%91%D7%A0%D7%95%D7%A0%D7%99%D7%99%D7%9D/,https://coralworld.co.il/%D7%9E%D7%A9%D7%A4%D7%97%D7%AA-%D7%94%D7%90%D7%91%D7%A0%D7%95%D7%A0%D7%99%D7%99%D7%9D/,he,rtl,משפחת האבנוניים | המצפה התת ימי,,משפחת האבנוניים,https://coralworld.co.il/%d7%9e%d7%a9%d7%a4%d7%97%d7%aa-%d7%94%d7%90%d7%91%d7%a0%d7%95%d7%a0%d7%99%d7%99%d7%9d/,article,200,,2,y,369,
https://coralworld.co.il/%D7%9E%D7%A9%D7%A4%D7%97%D7%AA-%D7%94%D7%90%D7%A0%D7%98%D7%A0%D7%A8%D7%99%D7%99%D7%9D/,https://coralworld.co.il/%D7%9E%D7%A9%D7%A4%D7%97%D7%AA-%D7%94%D7%90%D7%A0%D7%98%D7%A0%D7%A8%D7%99%D7%99%D7%9D/,he,rtl,משפחת האנטנריים | המצפה התת ימי,,משפחת האנטנריים,https://coralworld.co.il/%d7%9e%d7%a9%d7%a4%d7%97%d7%aa-%d7%94%d7%90%d7%a0%d7%98%d7%a0%d7%a8%d7%99%d7%99%d7%9d/,article,200,,2,y,259,
https://coralworld.co.il/%D7%9E%D7%A9%D7%A4%D7%97%D7%AA-%D7%94%D7%91%D7%AA%D7%A8%D7%A0%D7%99%D7%99%D7%9D/,https://coralworld.co.il/%D7%9E%D7%A9%D7%A4%D7%97%D7%AA-%D7%94%D7%91%D7%AA%D7%A8%D7%A0%D7%99%D7%99%D7%9D/,he,rtl,משפחת הבתרניים | המצפה התת ימי,,משפחת הבתרניים,https://coralworld.co.il/%d7%9e%d7%a9%d7%a4%d7%97%d7%aa-%d7%94%d7%91%d7%aa%d7%a8%d7%a0%d7%99%d7%99%d7%9d/,article,200,,2,y,210,
https://coralworld.co.il/%D7%9E%D7%A9%D7%A4%D7%97%D7%AA-%D7%94%D7%A0%D7%A4%D7%95%D7%97%D7%99%D7%AA%D7%99%D7%99%D7%9D-%D7%90%D7%91%D7%95-%D7%A0%D7%A4%D7%97%D7%90/,https://coralworld.co.il/%D7%9E%D7%A9%D7%A4%D7%97%D7%AA-%D7%94%D7%A0%D7%A4%D7%95%D7%97%D7%99%D7%AA%D7%99%D7%99%D7%9D-%D7%90%D7%91%D7%95-%D7%A0%D7%A4%D7%97%D7%90/,he,rtl,משפחת הנפוחיתיים (אבו –נפחא) | המצפה התת ימי,"דג הנפוחית (אבו נפחא), הוא שחיין איטי החי באזור השונית. גודלם של דגים אלו נע בין : 5 ס""מ ל- 50 ס""מ. הגוף עבה, מוארךונהיה צר בהדרגה לכיוון הזנב. בואו ללמוד עוד על עולמם המלהיב!",משפחת הנפוחיתיים (אבו –נפחא),https://coralworld.co.il/%d7%9e%d7%a9%d7%a4%d7%97%d7%aa-%d7%94%d7%a0%d7%a4%d7%95%d7%97%d7%99%d7%aa%d7%99%d7%99%d7%9d-%d7%90%d7%91%d7%95-%d7%a0%d7%a4%d7%97%d7%90/,article,200,,2,y,287,
https://coralworld.co.il/%D7%9E%D7%A9%D7%A4%D7%97%D7%AA-%D7%94%D7%A0%D7%A6%D7%A8%D7%A0%D7%99%D7%99%D7%9D/,https://coralworld.co.il/%D7%9E%D7%A9%D7%A4%D7%97%D7%AA-%D7%94%D7%A0%D7%A6%D7%A8%D7%A0%D7%99%D7%99%D7%9D/,he,rtl,משפחת הנצרניים | המצפה התת ימי,,משפחת הנצרניים,https://coralworld.co.il/%d7%9e%d7%a9%d7%a4%d7%97%d7%aa-%d7%94%d7%a0%d7%a6%d7%a8%d7%a0%d7%99%d7%99%d7%9d/,article,200,,2,y,253,
https://coralworld.co.il/%D7%9E%D7%A9%D7%A4%D7%97%D7%AA-%D7%94%D7%A4%D7%A8%D7%A4%D7%A8%D7%95%D7%A0%D7%99%D7%99%D7%9D/,https://coralworld.co.il/%D7%9E%D7%A9%D7%A4%D7%97%D7%AA-%D7%94%D7%A4%D7%A8%D7%A4%D7%A8%D7%95%D7%A0%D7%99%D7%99%D7%9D/,he,rtl,משפחת הפרפרוניים | המצפה התת ימי,,משפחת הפרפרוניים,https://coralworld.co.il/%d7%9e%d7%a9%d7%a4%d7%97%d7%aa-%d7%94%d7%a4%d7%a8%d7%a4%d7%a8%d7%95%d7%a0%d7%99%d7%99%d7%9d/,article,200,,2,y,324,
https://coralworld.co.il/%D7%9E%D7%A9%D7%A4%D7%97%D7%AA-%D7%94%D7%A7%D7%95%D7%A4%D7%A1%D7%99%D7%A0%D7%95%D7%A0%D7%99%D7%99%D7%9D/,https://coralworld.co.il/%D7%9E%D7%A9%D7%A4%D7%97%D7%AA-%D7%94%D7%A7%D7%95%D7%A4%D7%A1%D7%99%D7%A0%D7%95%D7%A0%D7%99%D7%99%D7%9D/,he,rtl,משפחת הקופסינוניים | המצפה התת ימי,,משפחת הקופסינוניים,https://coralworld.co.il/%d7%9e%d7%a9%d7%a4%d7%97%d7%aa-%d7%94%d7%a7%d7%95%d7%a4%d7%a1%d7%99%d7%a0%d7%95%d7%a0%d7%99%d7%99%d7%9d/,article,200,,2,y,207,
https://coralworld.co.il/%D7%9E%D7%A9%D7%A4%D7%97%D7%AA-%D7%94%D7%A9%D7%A4%D7%AA%D7%A0%D7%99%D7%99%D7%9D/,https://coralworld.co.il/%D7%9E%D7%A9%D7%A4%D7%97%D7%AA-%D7%94%D7%A9%D7%A4%D7%AA%D7%A0%D7%99%D7%99%D7%9D/,he,rtl,משפחת השפתניים | המצפה התת ימי,,משפחת השפתניים,https://coralworld.co.il/%d7%9e%d7%a9%d7%a4%d7%97%d7%aa-%d7%94%d7%a9%d7%a4%d7%aa%d7%a0%d7%99%d7%99%d7%9d/,article,200,,2,y,317,
https://coralworld.co.il/%D7%9E%D7%A9%D7%A4%D7%97%D7%AA-%D7%94%D7%AA%D7%95%D7%9B%D7%99%D7%A0%D7%95%D7%A0%D7%99%D7%99%D7%9D/,https://coralworld.co.il/%D7%9E%D7%A9%D7%A4%D7%97%D7%AA-%D7%94%D7%AA%D7%95%D7%9B%D7%99%D7%A0%D7%95%D7%A0%D7%99%D7%99%D7%9D/,he,rtl,משפחת התוכינוניים | המצפה התת ימי,,משפחת התוכינוניים,https://coralworld.co.il/%d7%9e%d7%a9%d7%a4%d7%97%d7%aa-%d7%94%d7%aa%d7%95%d7%9b%d7%99%d7%a0%d7%95%d7%a0%d7%99%d7%99%d7%9d/,article,200,,2,y,230,
https://coralworld.co.il/%d7%a0%d7%9b%d7%95%d7%9f-%d7%90%d7%95-%d7%9c%d7%90-%d7%a0%d7%9b%d7%95%d7%9f/,https://coralworld.co.il/%d7%a0%d7%9b%d7%95%d7%9f-%d7%90%d7%95-%d7%9c%d7%90-%d7%a0%d7%9b%d7%95%d7%9f/,he,rtl,נכון או לא נכון? | המצפה התת ימי,,,https://coralworld.co.il/%d7%a0%d7%9b%d7%95%d7%9f-%d7%90%d7%95-%d7%9c%d7%90-%d7%a0%d7%9b%d7%95%d7%9f/,article,200,,2,n,1931,
https://coralworld.co.il/%D7%A0%D7%9B%D7%95%D7%9F-%D7%90%D7%95-%D7%9C%D7%90-%D7%A0%D7%9B%D7%95%D7%9F/,https://coralworld.co.il/%D7%A0%D7%9B%D7%95%D7%9F-%D7%90%D7%95-%D7%9C%D7%90-%D7%A0%D7%9B%D7%95%D7%9F/,he,rtl,נכון או לא נכון? | המצפה התת ימי,,,https://coralworld.co.il/%d7%a0%d7%9b%d7%95%d7%9f-%d7%90%d7%95-%d7%9c%d7%90-%d7%a0%d7%9b%d7%95%d7%9f/,article,200,,2,y,1931,
https://coralworld.co.il/%d7%a1%d7%95%d7%9b%d7%95%d7%aa-2026/,https://coralworld.co.il/%d7%a1%d7%95%d7%9b%d7%95%d7%aa-2026/,he,rtl,סוכות-2026 | המצפה התת ימי,"לו״ז פעילויות חג הסוכות 2026 במצפה התת ימי אילת - חלוקי נחל, פסל חי של בת הים, איפור פנים, סדנת תיקי ג'ינס ועוד. חווייה ימית שאסור לפספס!",חוגגים את סוכותבמצפה התת ימי,https://coralworld.co.il/%d7%a1%d7%95%d7%9b%d7%95%d7%aa-2026/,article,200,,2,n,11,
https://coralworld.co.il/%D7%A1%D7%95%D7%9B%D7%95%D7%AA-2026/,https://coralworld.co.il/%D7%A1%D7%95%D7%9B%D7%95%D7%AA-2026/,he,rtl,סוכות-2026 | המצפה התת ימי,"לו״ז פעילויות חג הסוכות 2026 במצפה התת ימי אילת - חלוקי נחל, פסל חי של בת הים, איפור פנים, סדנת תיקי ג'ינס ועוד. חווייה ימית שאסור לפספס!",חוגגים את סוכותבמצפה התת ימי,https://coralworld.co.il/%d7%a1%d7%95%d7%9b%d7%95%d7%aa-2026/,article,200,,2,y,11,
https://coralworld.co.il/%D7%A1%D7%95%D7%A1%D7%95%D7%9F-%D7%94%D7%99%D7%9D/,https://coralworld.co.il/%D7%A1%D7%95%D7%A1%D7%95%D7%9F-%D7%94%D7%99%D7%9D/,he,rtl,סוסון הים | המצפה התת ימי,,,https://coralworld.co.il/%d7%a1%d7%95%d7%a1%d7%95%d7%9f-%d7%94%d7%99%d7%9d/,article,200,,2,y,4,
https://coralworld.co.il/%D7%A1%D7%95%D7%A1%D7%95%D7%A0%D7%99-%D7%99%D7%9D-%D7%9E%D7%A9%D7%A4%D7%97%D7%AA-%D7%94%D7%90%D7%91%D7%95%D7%91%D7%95%D7%A0%D7%99%D7%99%D7%9D/,https://coralworld.co.il/%D7%A1%D7%95%D7%A1%D7%95%D7%A0%D7%99-%D7%99%D7%9D-%D7%9E%D7%A9%D7%A4%D7%97%D7%AA-%D7%94%D7%90%D7%91%D7%95%D7%91%D7%95%D7%A0%D7%99%D7%99%D7%9D/,he,rtl,סוסוני-ים משפחת האבובוניים | המצפה התת ימי,סוסוני הים הם דגים לכל דבר. במפרץ אילת חיים לפחות 7 סוגים ובעולם כ-200 מינים. הראש דומה לראש של סוס וזה מקור השם סוסון ים בואו ללמוד עוד על עולמם המלהיב!,סוסוני-ים משפחת האבובוניים,https://coralworld.co.il/%d7%a1%d7%95%d7%a1%d7%95%d7%a0%d7%99-%d7%99%d7%9d-%d7%9e%d7%a9%d7%a4%d7%97%d7%aa-%d7%94%d7%90%d7%91%d7%95%d7%91%d7%95%d7%a0%d7%99%d7%99%d7%9d/,article,200,,2,y,294,
https://coralworld.co.il/%D7%A1%D7%95%D7%A1%D7%95%D7%A0%D7%99-%D7%99%D7%9D/,https://coralworld.co.il/%D7%A1%D7%95%D7%A1%D7%95%D7%A0%D7%99-%D7%99%D7%9D/,he,rtl,סוסוני ים | סוס ים | המצפה התת ימי,"סוסוני הים - סוס ים, משתייכים למשפחת האבובנים אשר מתאפיינים בגוף קשיח ופה ארוך דמוי אבוב. שמם ניתן להם בגלל צורת ראשם המזכירה סוס, אך בזאת מסתיים הדמיון.",סוסוני ים,https://coralworld.co.il/%d7%a1%d7%95%d7%a1%d7%95%d7%a0%d7%99-%d7%99%d7%9d/,article,200,,2,y,360,
https://coralworld.co.il/%D7%A1%D7%99%D7%95%D7%A8-%D7%97%D7%95%D7%95%D7%99%D7%AA%D7%99/,https://coralworld.co.il/%D7%A1%D7%99%D7%95%D7%A8-%D7%97%D7%95%D7%95%D7%99%D7%AA%D7%99/,he,rtl,סיור חוויתי | המצפה התת ימי,,חוויה בלתי נשכחת!סיור מאחורי הקלעים של המצפה תת ימי באילת!,https://coralworld.co.il/%d7%a1%d7%99%d7%95%d7%a8-%d7%97%d7%95%d7%95%d7%99%d7%aa%d7%99/,article,200,,2,y,3466,
https://coralworld.co.il/%d7%a1%d7%99%d7%95%d7%a8-%d7%9e%d7%90%d7%97%d7%95%d7%a8%d7%99-%d7%94%d7%a7%d7%9c%d7%a2%d7%99%d7%9d/,https://coralworld.co.il/%d7%a1%d7%99%d7%95%d7%a8-%d7%9e%d7%90%d7%97%d7%95%d7%a8%d7%99-%d7%94%d7%a7%d7%9c%d7%a2%d7%99%d7%9d/,he,rtl,סיור מאחורי הקלעים – חוויה בלתי נשכחת,"מחפשים אטרקציות באילת? במצפה התת ימי אילת תיהנו ממגוון אטרקציות! שנירקול בפארק לילדים או צלילה עם כרישים, שייט בסירת זכוכית, צלילת היכרות עם צולל מקצועי, שנירקול ועוד. היכנסו!",סיור מאחורי הקלעים – חוויה בלתי נשכחת!,https://coralworld.co.il/%d7%a1%d7%99%d7%95%d7%a8-%d7%9e%d7%90%d7%97%d7%95%d7%a8%d7%99-%d7%94%d7%a7%d7%9c%d7%a2%d7%99%d7%9d/,content,200,,2,n,260,
https://coralworld.co.il/%D7%A1%D7%99%D7%95%D7%A8-%D7%9E%D7%90%D7%97%D7%95%D7%A8%D7%99-%D7%94%D7%A7%D7%9C%D7%A2%D7%99%D7%9D/,https://coralworld.co.il/%D7%A1%D7%99%D7%95%D7%A8-%D7%9E%D7%90%D7%97%D7%95%D7%A8%D7%99-%D7%94%D7%A7%D7%9C%D7%A2%D7%99%D7%9D/,he,rtl,סיור מאחורי הקלעים – חוויה בלתי נשכחת,"מחפשים אטרקציות באילת? במצפה התת ימי אילת תיהנו ממגוון אטרקציות! שנירקול בפארק לילדים או צלילה עם כרישים, שייט בסירת זכוכית, צלילת היכרות עם צולל מקצועי, שנירקול ועוד. היכנסו!",סיור מאחורי הקלעים – חוויה בלתי נשכחת!,https://coralworld.co.il/%d7%a1%d7%99%d7%95%d7%a8-%d7%9e%d7%90%d7%97%d7%95%d7%a8%d7%99-%d7%94%d7%a7%d7%9c%d7%a2%d7%99%d7%9d/,content,200,,2,y,260,
https://coralworld.co.il/%D7%A1%D7%99%D7%95%D7%A8-%D7%9E%D7%A8%D7%94%D7%99%D7%91-%D7%91%D7%9E%D7%A6%D7%A4%D7%94-%D7%94%D7%AA%D7%AA-%D7%99%D7%9E%D7%99/,https://coralworld.co.il/%D7%A1%D7%99%D7%95%D7%A8-%D7%9E%D7%A8%D7%94%D7%99%D7%91-%D7%91%D7%9E%D7%A6%D7%A4%D7%94-%D7%94%D7%AA%D7%AA-%D7%99%D7%9E%D7%99/,he,rtl,סיור מרהיב במצפה התת ימי | המצפה התת ימי,"מאז הסרט מלתעות, המוניטין של הכרישים נמצא עמוק מתחת לפני המים, אך במצפה התת ימי באילת רוצים להציג את האמת עליהם • הצטרפו לסיור הווירטואלי!",סיור מרהיב במצפה התת ימי,https://coralworld.co.il/%d7%a1%d7%99%d7%95%d7%a8-%d7%9e%d7%a8%d7%94%d7%99%d7%91-%d7%91%d7%9e%d7%a6%d7%a4%d7%94-%d7%94%d7%aa%d7%aa-%d7%99%d7%9e%d7%99/,article,200,,3,y,18,
https://coralworld.co.il/%D7%A1%D7%99%D7%9E%D7%91%D7%99%D7%95%D7%96%D7%94-%D7%97%D7%99%D7%99-%D7%A9%D7%99%D7%AA%D7%95%D7%A3/,https://coralworld.co.il/%D7%A1%D7%99%D7%9E%D7%91%D7%99%D7%95%D7%96%D7%94-%D7%97%D7%99%D7%99-%D7%A9%D7%99%D7%AA%D7%95%D7%A3/,he,rtl,סימביוזה – חיי שיתוף | המצפה התת ימי,,סימביוזה – חיי שיתוף,https://coralworld.co.il/%d7%a1%d7%99%d7%9e%d7%91%d7%99%d7%95%d7%96%d7%94-%d7%97%d7%99%d7%99-%d7%a9%d7%99%d7%aa%d7%95%d7%a3/,article,200,,2,y,403,
https://coralworld.co.il/%D7%A1%D7%9C%D7%99%D7%9C%D7%95%D7%A0%D7%99%D7%AA-%D7%A2%D7%A0%D7%A7/,https://coralworld.co.il/%D7%A1%D7%9C%D7%99%D7%9C%D7%95%D7%A0%D7%99%D7%AA-%D7%A2%D7%A0%D7%A7/,he,rtl,סלילונית ענק | המצפה התת ימי,,סלילונית ענק,https://coralworld.co.il/%d7%a1%d7%9c%d7%99%d7%9c%d7%95%d7%a0%d7%99%d7%aa-%d7%a2%d7%a0%d7%a7/,article,200,,2,y,362,
https://coralworld.co.il/%D7%A2%D7%9E%D7%95%D7%93-%D7%94%D7%91%D7%99%D7%AA/,https://coralworld.co.il/%D7%A2%D7%9E%D7%95%D7%93-%D7%94%D7%91%D7%99%D7%AA/,he,rtl,עמוד הבית | המצפה התת ימי,,,https://coralworld.co.il/%d7%a2%d7%9e%d7%95%d7%93-%d7%94%d7%91%d7%99%d7%aa/,content,200,,2,y,1237,
https://coralworld.co.il/%d7%a2%d7%9e%d7%95%d7%aa%d7%aa-%d7%a6%d7%9c%d7%95%d7%9c-%d7%a9%d7%95%d7%9e%d7%a8%d7%99%d7%9d-%d7%a2%d7%9c-%d7%94%d7%99%d7%9d-%d7%94%d7%97%d7%95%d7%a4%d7%99%d7%9d-%d7%95%d7%94%d7%a0%d7%97%d7%9c/,https://coralworld.co.il/%d7%a2%d7%9e%d7%95%d7%aa%d7%aa-%d7%a6%d7%9c%d7%95%d7%9c-%d7%a9%d7%95%d7%9e%d7%a8%d7%99%d7%9d-%d7%a2%d7%9c-%d7%94%d7%99%d7%9d-%d7%94%d7%97%d7%95%d7%a4%d7%99%d7%9d-%d7%95%d7%94%d7%a0%d7%97%d7%9c/,he,rtl,"עמותת 'צלול'- שומרים על הים, החופים והנחלים כבר 25 שנה | המצפה התת ימי",,שומרים על היםהחופים והנחליםכבר 25 שנה,https://coralworld.co.il/%d7%a2%d7%9e%d7%95%d7%aa%d7%aa-%d7%a6%d7%9c%d7%95%d7%9c-%d7%a9%d7%95%d7%9e%d7%a8%d7%99%d7%9d-%d7%a2%d7%9c-%d7%94%d7%99%d7%9d-%d7%94%d7%97%d7%95%d7%a4%d7%99%d7%9d-%d7%95%d7%94%d7%a0%d7%97%d7%9c/,content,200,,2,n,1152,
https://coralworld.co.il/%D7%A2%D7%9E%D7%95%D7%AA%D7%AA-%D7%A6%D7%9C%D7%95%D7%9C-%D7%A9%D7%95%D7%9E%D7%A8%D7%99%D7%9D-%D7%A2%D7%9C-%D7%94%D7%99%D7%9D-%D7%94%D7%97%D7%95%D7%A4%D7%99%D7%9D-%D7%95%D7%94%D7%A0%D7%97%D7%9C/,https://coralworld.co.il/%D7%A2%D7%9E%D7%95%D7%AA%D7%AA-%D7%A6%D7%9C%D7%95%D7%9C-%D7%A9%D7%95%D7%9E%D7%A8%D7%99%D7%9D-%D7%A2%D7%9C-%D7%94%D7%99%D7%9D-%D7%94%D7%97%D7%95%D7%A4%D7%99%D7%9D-%D7%95%D7%94%D7%A0%D7%97%D7%9C/,he,rtl,"עמותת 'צלול'- שומרים על הים, החופים והנחלים כבר 25 שנה | המצפה התת ימי",,שומרים על היםהחופים והנחליםכבר 25 שנה,https://coralworld.co.il/%d7%a2%d7%9e%d7%95%d7%aa%d7%aa-%d7%a6%d7%9c%d7%95%d7%9c-%d7%a9%d7%95%d7%9e%d7%a8%d7%99%d7%9d-%d7%a2%d7%9c-%d7%94%d7%99%d7%9d-%d7%94%d7%97%d7%95%d7%a4%d7%99%d7%9d-%d7%95%d7%94%d7%a0%d7%97%d7%9c/,content,200,,2,y,1152,
https://coralworld.co.il/%D7%A2%D7%A9%D7%A8%D7%AA-%D7%94%D7%A1%D7%A0%D7%98%D7%99%D7%9E%D7%98%D7%A8%D7%99%D7%9D-%D7%94%D7%A8%D7%90%D7%A9%D7%95%D7%A0%D7%99%D7%9D/,https://coralworld.co.il/%D7%A2%D7%A9%D7%A8%D7%AA-%D7%94%D7%A1%D7%A0%D7%98%D7%99%D7%9E%D7%98%D7%A8%D7%99%D7%9D-%D7%94%D7%A8%D7%90%D7%A9%D7%95%D7%A0%D7%99%D7%9D/,he,rtl,עשרת הסנטימטרים הראשונים | המצפה התת ימי,,עשרת הסנטימטרים הראשונים,https://coralworld.co.il/%d7%a2%d7%a9%d7%a8%d7%aa-%d7%94%d7%a1%d7%a0%d7%98%d7%99%d7%9e%d7%98%d7%a8%d7%99%d7%9d-%d7%94%d7%a8%d7%90%d7%a9%d7%95%d7%a0%d7%99%d7%9d/,article,200,,2,y,384,
https://coralworld.co.il/%D7%A4%D7%9C%D7%A0%D7%A7%D7%98%D7%95%D7%9F-%D7%94%D7%99%D7%A6%D7%95%D7%A8%D7%99%D7%9D-%D7%94%D7%A8%D7%95%D7%97%D7%A4%D7%99%D7%9D-%D7%91%D7%9E%D7%99%D7%9D-%D7%9C%D7%9C%D7%90-%D7%99%D7%9B%D7%95%D7%9C/,https://coralworld.co.il/%D7%A4%D7%9C%D7%A0%D7%A7%D7%98%D7%95%D7%9F-%D7%94%D7%99%D7%A6%D7%95%D7%A8%D7%99%D7%9D-%D7%94%D7%A8%D7%95%D7%97%D7%A4%D7%99%D7%9D-%D7%91%D7%9E%D7%99%D7%9D-%D7%9C%D7%9C%D7%90-%D7%99%D7%9B%D7%95%D7%9C/,he,rtl,פלנקטון: היצורים הרוחפים במים ללא יכולת התנגדות לזרמים או לגלים | המצפה התת ימי,,פלנקטון: היצורים הרוחפים במים ללא יכולת התנגדות לזרמים או לגלים,https://coralworld.co.il/%d7%a4%d7%9c%d7%a0%d7%a7%d7%98%d7%95%d7%9f-%d7%94%d7%99%d7%a6%d7%95%d7%a8%d7%99%d7%9d-%d7%94%d7%a8%d7%95%d7%97%d7%a4%d7%99%d7%9d-%d7%91%d7%9e%d7%99%d7%9d-%d7%9c%d7%9c%d7%90-%d7%99%d7%9b%d7%95%d7%9c/,article,200,,2,y,395,
https://coralworld.co.il/%D7%A4%D7%A1%D7%97-%D7%91%D7%9E%D7%A6%D7%A4%D7%94-%D7%94%D7%AA%D7%AA-%D7%99%D7%9E%D7%99/,https://coralworld.co.il/%D7%A4%D7%A1%D7%97-%D7%91%D7%9E%D7%A6%D7%A4%D7%94-%D7%94%D7%AA%D7%AA-%D7%99%D7%9E%D7%99/,he,rtl,פסח במצפה התת ימי | המצפה התת ימי,,"את הפסח הזה אתם תרצו למצות! | מקום מושלם למשפחות – פעילויות מיוחדות לחג, אטרקציות מדהימות והפתעות לילדים! | חוויית הפסח מושלמת! אל תפספסו",https://coralworld.co.il/%d7%a4%d7%a1%d7%97-%d7%91%d7%9e%d7%a6%d7%a4%d7%94-%d7%94%d7%aa%d7%aa-%d7%99%d7%9e%d7%99/,content,200,,2,y,1232,
https://coralworld.co.il/%d7%a4%d7%a2%d7%99%d7%9c%d7%95%d7%99%d7%95%d7%aa-%d7%a7%d7%99%d7%a5-2026/,https://coralworld.co.il/%d7%a4%d7%a2%d7%99%d7%9c%d7%95%d7%99%d7%95%d7%aa-%d7%a7%d7%99%d7%a5-2026/,he,rtl,פעילויות קיץ 2026 | המצפה התת ימי,,הקיץ הכי צבעוני קורה מתחת לפני הים,https://coralworld.co.il/%d7%a4%d7%a2%d7%99%d7%9c%d7%95%d7%99%d7%95%d7%aa-%d7%a7%d7%99%d7%a5-2026/,article,200,,2,n,2868,
https://coralworld.co.il/%D7%A4%D7%A2%D7%99%D7%9C%D7%95%D7%99%D7%95%D7%AA-%D7%A7%D7%99%D7%A5-2026/,https://coralworld.co.il/%D7%A4%D7%A2%D7%99%D7%9C%D7%95%D7%99%D7%95%D7%AA-%D7%A7%D7%99%D7%A5-2026/,he,rtl,פעילויות קיץ 2026 | המצפה התת ימי,,הקיץ הכי צבעוני קורה מתחת לפני הים,https://coralworld.co.il/%d7%a4%d7%a2%d7%99%d7%9c%d7%95%d7%99%d7%95%d7%aa-%d7%a7%d7%99%d7%a5-2026/,article,200,,2,y,2868,
https://coralworld.co.il/%D7%A4%D7%A8%D7%A4%D7%A8%D7%95%D7%A0%D7%99%D7%9D/,https://coralworld.co.il/%D7%A4%D7%A8%D7%A4%D7%A8%D7%95%D7%A0%D7%99%D7%9D/,he,rtl,פרפרונים | המצפה התת ימי,,,https://coralworld.co.il/%d7%a4%d7%a8%d7%a4%d7%a8%d7%95%d7%a0%d7%99%d7%9d/,article,200,,2,y,4,
https://coralworld.co.il/%D7%A4%D7%A8%D7%A4%D7%A8%D7%99%D7%9D-%D7%9C%D7%90-%D7%AA%D7%9E%D7%99%D7%93-%D7%9E%D7%AA%D7%94%D7%95%D7%9C%D7%9C%D7%99%D7%9D/,https://coralworld.co.il/%D7%A4%D7%A8%D7%A4%D7%A8%D7%99%D7%9D-%D7%9C%D7%90-%D7%AA%D7%9E%D7%99%D7%93-%D7%9E%D7%AA%D7%94%D7%95%D7%9C%D7%9C%D7%99%D7%9D/,he,rtl,פרפרים לא תמיד מתהוללים | המצפה התת ימי,,פרפרים לא תמיד מתהוללים,https://coralworld.co.il/%d7%a4%d7%a8%d7%a4%d7%a8%d7%99%d7%9d-%d7%9c%d7%90-%d7%aa%d7%9e%d7%99%d7%93-%d7%9e%d7%aa%d7%94%d7%95%d7%9c%d7%9c%d7%99%d7%9d/,article,200,,2,y,596,
https://coralworld.co.il/%D7%A6%D7%91-%D7%94%D7%99%D7%9D/,https://coralworld.co.il/%D7%A6%D7%91-%D7%94%D7%99%D7%9D/,he,rtl,צב הים | המצפה התת ימי,,,https://coralworld.co.il/%d7%a6%d7%91-%d7%94%d7%99%d7%9d/,article,200,,2,y,4,
https://coralworld.co.il/%D7%A6%D7%91-%D7%99%D7%9D-%D7%99%D7%A8%D7%95%D7%A7/,https://coralworld.co.il/%D7%A6%D7%91-%D7%99%D7%9D-%D7%99%D7%A8%D7%95%D7%A7/,he,rtl,צב ים ירוק | המצפה התת ימי,"צב ים ירוק חי דרך קבע בים סוף. נקרא ירוק בגלל צבע השומן שלו. צב הים הירוק צמחוני וניזון בטבע בעיקר מאצות ועשבי ים. הוא חי כ 200 שנה ומגיע למשקל 300 ק""ג ויותר",צב ים ירוק,https://coralworld.co.il/%d7%a6%d7%91-%d7%99%d7%9d-%d7%99%d7%a8%d7%95%d7%a7/,article,200,,2,y,90,
https://coralworld.co.il/%D7%A6%D7%91-%D7%99%D7%9D-%D7%A7%D7%A8%D7%A0%D7%99-2/,https://coralworld.co.il/%D7%A6%D7%91-%D7%99%D7%9D-%D7%A7%D7%A8%D7%A0%D7%99-2/,he,rtl,צב ים קרני | המצפה התת ימי,,צב ים קרני,https://coralworld.co.il/%d7%a6%d7%91-%d7%99%d7%9d-%d7%a7%d7%a8%d7%a0%d7%99-2/,article,200,,2,y,45,
https://coralworld.co.il/%D7%A6%D7%91-%D7%99%D7%9D-%D7%A7%D7%A8%D7%A0%D7%99/,https://coralworld.co.il/%D7%A6%D7%91-%D7%99%D7%9D-%D7%A7%D7%A8%D7%A0%D7%99/,he,rtl,צב ים קרני | המצפה התת ימי,,צב ים קרני,https://coralworld.co.il/%d7%a6%d7%91-%d7%99%d7%9d-%d7%a7%d7%a8%d7%a0%d7%99/,article,200,,2,y,140,
https://coralworld.co.il/%D7%A6%D7%91-%D7%99%D7%9D/,https://coralworld.co.il/%D7%A6%D7%91-%D7%99%D7%9D/,he,rtl,צב ים | המצפה התת ימי,,צב ים,https://coralworld.co.il/%d7%a6%d7%91-%d7%99%d7%9d/,article,200,,2,y,397,
https://coralworld.co.il/%D7%A6%D7%95%D7%95%D7%AA-%D7%94%D7%93%D7%A8%D7%9B%D7%94/,https://coralworld.co.il/%D7%A6%D7%95%D7%95%D7%AA-%D7%94%D7%93%D7%A8%D7%9B%D7%94/,he,rtl,צוות הדרכה | המצפה התת ימי,,,https://coralworld.co.il/%d7%a6%d7%95%d7%95%d7%aa-%d7%94%d7%93%d7%a8%d7%9b%d7%94/,article,200,,2,y,892,
https://coralworld.co.il/%D7%A6%D7%95%D7%95%D7%AA-%D7%A6%D7%95%D7%9C%D7%9C%D7%99%D7%9D/,https://coralworld.co.il/%D7%A6%D7%95%D7%95%D7%AA-%D7%A6%D7%95%D7%9C%D7%9C%D7%99%D7%9D/,he,rtl,צוות צוללים | המצפה התת ימי,,,https://coralworld.co.il/%d7%a6%d7%95%d7%95%d7%aa-%d7%a6%d7%95%d7%9c%d7%9c%d7%99%d7%9d/,article,200,,2,y,902,
https://coralworld.co.il/%D7%A6%D7%99%D7%A4%D7%94-%D7%9E%D7%AA%D7%97%D7%AA-%D7%9C%D7%9E%D7%99%D7%9D/,https://coralworld.co.il/%D7%A6%D7%99%D7%A4%D7%94-%D7%9E%D7%AA%D7%97%D7%AA-%D7%9C%D7%9E%D7%99%D7%9D/,he,rtl,ציפה מתחת למים | המצפה התת ימי,,ציפה מתחת למים,https://coralworld.co.il/%d7%a6%d7%99%d7%a4%d7%94-%d7%9e%d7%aa%d7%97%d7%aa-%d7%9c%d7%9e%d7%99%d7%9d/,article,200,,2,y,937,
https://coralworld.co.il/%D7%A6%D7%9C%D7%95%D7%9C/,https://coralworld.co.il/%D7%A6%D7%9C%D7%95%D7%9C/,he,rtl,עמותת צלול | המצפה התת ימי,"עמותת צלול נחשבת לאחד מארגוני הסביבה החשובים בישראל, אשר מוביל מאבקים נגד המזהמים הגדולים ביותר | כל עבודת ""צלול"" ממוקדת בהגנת הים, החופים והנחלים של ישראל מזיהום",צלול - עמותה עם אהבה אין סופית לים,https://coralworld.co.il/%d7%a6%d7%9c%d7%95%d7%9c/,article,200,,2,y,613,
https://coralworld.co.il/%D7%A6%D7%9C%D7%95%D7%A4%D7%97%D7%99%D7%9D/,https://coralworld.co.il/%D7%A6%D7%9C%D7%95%D7%A4%D7%97%D7%99%D7%9D/,he,rtl,צלופחים | המצפה התת ימי,,צלופחים,https://coralworld.co.il/%d7%a6%d7%9c%d7%95%d7%a4%d7%97%d7%99%d7%9d/,article,200,,2,y,223,
https://coralworld.co.il/%d7%a6%d7%9c%d7%99%d7%9c%d7%94-%d7%a2%d7%9d-%d7%9b%d7%a8%d7%99%d7%a9%d7%99%d7%9d/,https://coralworld.co.il/%d7%a6%d7%9c%d7%99%d7%9c%d7%94-%d7%a2%d7%9d-%d7%9b%d7%a8%d7%99%d7%a9%d7%99%d7%9d/,he,rtl,צלילה עם כרישים בפארק המצפה התת-ימי באילת – חוויה בלתי נשכחת,"רישיון צלילה? בואו לצלול עם כרישים ודגים צבעוניים בבריכת הכרישים בפארק באילת – כולל ציוד, כרטיס כניסה ואקווה דום!",צלילה עם כרישים,https://coralworld.co.il/%d7%a6%d7%9c%d7%99%d7%9c%d7%94-%d7%a2%d7%9d-%d7%9b%d7%a8%d7%99%d7%a9%d7%99%d7%9d/,content,200,,2,n,262,
https://coralworld.co.il/%D7%A6%D7%9C%D7%99%D7%9C%D7%94-%D7%A2%D7%9D-%D7%9B%D7%A8%D7%99%D7%A9%D7%99%D7%9D/,https://coralworld.co.il/%D7%A6%D7%9C%D7%99%D7%9C%D7%94-%D7%A2%D7%9D-%D7%9B%D7%A8%D7%99%D7%A9%D7%99%D7%9D/,he,rtl,צלילה עם כרישים בפארק המצפה התת-ימי באילת – חוויה בלתי נשכחת,"רישיון צלילה? בואו לצלול עם כרישים ודגים צבעוניים בבריכת הכרישים בפארק באילת – כולל ציוד, כרטיס כניסה ואקווה דום!",צלילה עם כרישים,https://coralworld.co.il/%d7%a6%d7%9c%d7%99%d7%9c%d7%94-%d7%a2%d7%9d-%d7%9b%d7%a8%d7%99%d7%a9%d7%99%d7%9d/,content,200,,2,y,262,
https://coralworld.co.il/%D7%A6%D7%9E%D7%97%D7%99%D7%9D-%D7%91%D7%99%D7%9D/,https://coralworld.co.il/%D7%A6%D7%9E%D7%97%D7%99%D7%9D-%D7%91%D7%99%D7%9D/,he,rtl,צמחים בים | המצפה התת ימי,,צמחים בים,https://coralworld.co.il/%d7%a6%d7%9e%d7%97%d7%99%d7%9d-%d7%91%d7%99%d7%9d/,article,200,,2,y,560,
https://coralworld.co.il/%d7%a7%d7%95%d7%a8%d7%9c-2000/,https://coralworld.co.il/%d7%a7%d7%95%d7%a8%d7%9c-2000/,he,rtl,"קורל 2000- הפלגה בסירת זכוכית במצפה התת ימי אילת, מגוון אטרקציות לילדים ומבוגרים באילת | המצפה התת ימי","צאו איתנו לשייט מרתק אל שמורת האלמוגים והגנים היפנים הקסומים בסירת זכוכית עמוקה עם חלונות תת ימיים, מהם תוכלו להשקיף אל פלאי הים האדום - דגים נדירים, מושבות אלמוגים ובעלי חיים מופלאים.",קורל 2000 - חלון לשונית האלמוגים,https://coralworld.co.il/%d7%a7%d7%95%d7%a8%d7%9c-2000/,form,200,,2,n,128,
https://coralworld.co.il/%D7%A7%D7%95%D7%A8%D7%9C-2000/,https://coralworld.co.il/%D7%A7%D7%95%D7%A8%D7%9C-2000/,he,rtl,"קורל 2000- הפלגה בסירת זכוכית במצפה התת ימי אילת, מגוון אטרקציות לילדים ומבוגרים באילת | המצפה התת ימי","צאו איתנו לשייט מרתק אל שמורת האלמוגים והגנים היפנים הקסומים בסירת זכוכית עמוקה עם חלונות תת ימיים, מהם תוכלו להשקיף אל פלאי הים האדום - דגים נדירים, מושבות אלמוגים ובעלי חיים מופלאים.",קורל 2000 - חלון לשונית האלמוגים,https://coralworld.co.il/%d7%a7%d7%95%d7%a8%d7%9c-2000/,form,200,,2,y,128,
https://coralworld.co.il/%D7%A7%D7%99%D7%A0%D7%95%D7%9F-%D7%9B%D7%A8%D7%99%D7%A9-%D7%99%D7%90%D7%92%D7%95-%D7%94%D7%9E%D7%A2%D7%9E%D7%A7%D7%99%D7%9D/,https://coralworld.co.il/%D7%A7%D7%99%D7%A0%D7%95%D7%9F-%D7%9B%D7%A8%D7%99%D7%A9-%D7%99%D7%90%D7%92%D7%95-%D7%94%D7%9E%D7%A2%D7%9E%D7%A7%D7%99%D7%9D/,he,rtl,כריש יאגו המעמקים | המצפה התת ימי,,כריש יאגו המעמקים,https://coralworld.co.il/%d7%a7%d7%99%d7%a0%d7%95%d7%9f-%d7%9b%d7%a8%d7%99%d7%a9-%d7%99%d7%90%d7%92%d7%95-%d7%94%d7%9e%d7%a2%d7%9e%d7%a7%d7%99%d7%9d/,article,200,,2,y,155,
https://coralworld.co.il/%D7%A7%D7%99%D7%A4%D7%95%D7%93%D7%99-%D7%94%D7%99%D7%9D/,https://coralworld.co.il/%D7%A7%D7%99%D7%A4%D7%95%D7%93%D7%99-%D7%94%D7%99%D7%9D/,he,rtl,קיפודי-הים | המצפה התת ימי,,קיפודי-הים,https://coralworld.co.il/%d7%a7%d7%99%d7%a4%d7%95%d7%93%d7%99-%d7%94%d7%99%d7%9d/,article,200,,2,y,219,
https://coralworld.co.il/%D7%A7%D7%A6%D7%AA-%D7%A2%D7%9C-%D7%9E%D7%93%D7%95%D7%96%D7%95%D7%AA/,https://coralworld.co.il/%D7%A7%D7%A6%D7%AA-%D7%A2%D7%9C-%D7%9E%D7%93%D7%95%D7%96%D7%95%D7%AA/,he,rtl,קצת על מדוזות | המצפה התת ימי,,קצת על מדוזות,https://coralworld.co.il/%d7%a7%d7%a6%d7%aa-%d7%a2%d7%9c-%d7%9e%d7%93%d7%95%d7%96%d7%95%d7%aa/,article,200,,2,y,60,
https://coralworld.co.il/%D7%A8%D7%91%D7%99%D7%99%D7%94-%D7%95%D7%94%D7%A9%D7%91%D7%AA-%D7%A6%D7%91%D7%99-%D7%99%D7%9D/,https://coralworld.co.il/%D7%A8%D7%91%D7%99%D7%99%D7%94-%D7%95%D7%94%D7%A9%D7%91%D7%AA-%D7%A6%D7%91%D7%99-%D7%99%D7%9D/,he,rtl,רבייה והשבת צבי ים | המצפה התת ימי,,רבייה והשבת צבי ים,https://coralworld.co.il/%d7%a8%d7%91%d7%99%d7%99%d7%94-%d7%95%d7%94%d7%a9%d7%91%d7%aa-%d7%a6%d7%91%d7%99-%d7%99%d7%9d/,article,200,,2,y,333,
https://coralworld.co.il/%D7%A8%D7%99%D7%A7%D7%95%D7%93-%D7%A8%D7%98%D7%95%D7%91-%D7%9E%D7%97%D7%95%D7%9C-%D7%A8%D7%98%D7%95%D7%91-%D7%9E%D7%A6%D7%99%D7%9C-%D7%9E%D7%9E%D7%95%D7%95%D7%AA/,https://coralworld.co.il/%D7%A8%D7%99%D7%A7%D7%95%D7%93-%D7%A8%D7%98%D7%95%D7%91-%D7%9E%D7%97%D7%95%D7%9C-%D7%A8%D7%98%D7%95%D7%91-%D7%9E%D7%A6%D7%99%D7%9C-%D7%9E%D7%9E%D7%95%D7%95%D7%AA/,he,rtl,ריקוד רטוב – מחול רטוב מציל ממוות | המצפה התת ימי,,ריקוד רטוב – מחול רטוב מציל ממוות,https://coralworld.co.il/%d7%a8%d7%99%d7%a7%d7%95%d7%93-%d7%a8%d7%98%d7%95%d7%91-%d7%9e%d7%97%d7%95%d7%9c-%d7%a8%d7%98%d7%95%d7%91-%d7%9e%d7%a6%d7%99%d7%9c-%d7%9e%d7%9e%d7%95%d7%95%d7%aa/,article,200,,2,y,528,
https://coralworld.co.il/%D7%A8%D7%A7%D7%93%D7%A0%D7%99%D7%AA-%D7%A1%D7%A4%D7%A8%D7%93%D7%99%D7%99%D7%94/,https://coralworld.co.il/%D7%A8%D7%A7%D7%93%D7%A0%D7%99%D7%AA-%D7%A1%D7%A4%D7%A8%D7%93%D7%99%D7%99%D7%94/,he,rtl,רקדנית ספרדייה | המצפה התת ימי,,רקדנית ספרדייה,https://coralworld.co.il/%d7%a8%d7%a7%d7%93%d7%a0%d7%99%d7%aa-%d7%a1%d7%a4%d7%a8%d7%93%d7%99%d7%99%d7%94/,article,200,,2,y,83,
https://coralworld.co.il/%d7%a9%d7%90%d7%9c%d7%95%d7%aa-%d7%95%d7%aa%d7%a9%d7%95%d7%91%d7%95%d7%aa/,https://coralworld.co.il/%d7%a9%d7%90%d7%9c%d7%95%d7%aa-%d7%95%d7%aa%d7%a9%d7%95%d7%91%d7%95%d7%aa/,he,rtl,שאלות ותשובות | המצפה התת ימי,,הקיץ הכי מסקרן באילת מתחיל כאן!,https://coralworld.co.il/%d7%a9%d7%90%d7%9c%d7%95%d7%aa-%d7%95%d7%aa%d7%a9%d7%95%d7%91%d7%95%d7%aa/,article,200,,2,n,7298,
https://coralworld.co.il/%D7%A9%D7%90%D7%9C%D7%95%D7%AA-%D7%95%D7%AA%D7%A9%D7%95%D7%91%D7%95%D7%AA/,https://coralworld.co.il/%D7%A9%D7%90%D7%9C%D7%95%D7%AA-%D7%95%D7%AA%D7%A9%D7%95%D7%91%D7%95%D7%AA/,he,rtl,שאלות ותשובות | המצפה התת ימי,,הקיץ הכי מסקרן באילת מתחיל כאן!,https://coralworld.co.il/%d7%a9%d7%90%d7%9c%d7%95%d7%aa-%d7%95%d7%aa%d7%a9%d7%95%d7%91%d7%95%d7%aa/,article,200,,2,y,7298,
https://coralworld.co.il/%D7%A9%D7%95%D7%A0%D7%99%D7%AA-%D7%94%D7%90%D7%9C%D7%9E%D7%95%D7%92%D7%99%D7%9D/,https://coralworld.co.il/%D7%A9%D7%95%D7%A0%D7%99%D7%AA-%D7%94%D7%90%D7%9C%D7%9E%D7%95%D7%92%D7%99%D7%9D/,he,rtl,שונית האלמוגים | המצפה התת ימי,שונית האלמוגים היא המרכז והבסיס של המערכת האקולוגית של אוקיינוסים טרופיים. ללא שוניות לא היה קיים עולם עשיר ומופלא זה. היא הבסיס הפיזי עליו בנויות מדינות שלמות! בואו לקרוא עוד!,שונית האלמוגים,https://coralworld.co.il/%d7%a9%d7%95%d7%a0%d7%99%d7%aa-%d7%94%d7%90%d7%9c%d7%9e%d7%95%d7%92%d7%99%d7%9d/,article,200,,2,y,489,
https://coralworld.co.il/%D7%A9%D7%97%D7%A8%D7%95%D7%A8-%D7%93%D7%99%D7%95%D7%A0%D7%95%D7%A0%D7%99%D7%9D-%D7%9C%D7%99%D7%9D-%D7%94%D7%A4%D7%AA%D7%95%D7%97/,https://coralworld.co.il/%D7%A9%D7%97%D7%A8%D7%95%D7%A8-%D7%93%D7%99%D7%95%D7%A0%D7%95%D7%A0%D7%99%D7%9D-%D7%9C%D7%99%D7%9D-%D7%94%D7%A4%D7%AA%D7%95%D7%97/,he,rtl,שחרור דיונונים לים הפתוח | המצפה התת ימי,,שחרור דיונונים לים הפתוח,https://coralworld.co.il/%d7%a9%d7%97%d7%a8%d7%95%d7%a8-%d7%93%d7%99%d7%95%d7%a0%d7%95%d7%a0%d7%99%d7%9d-%d7%9c%d7%99%d7%9d-%d7%94%d7%a4%d7%aa%d7%95%d7%97/,article,200,,2,y,85,
https://coralworld.co.il/%d7%a9%d7%97%d7%a8%d7%95%d7%a8-%d7%a6%d7%91%d7%99-%d7%99%d7%9d-%d7%9c%d7%98%d7%91%d7%a2/,https://coralworld.co.il/%d7%a9%d7%97%d7%a8%d7%95%d7%a8-%d7%a6%d7%91%d7%99-%d7%99%d7%9d-%d7%9c%d7%98%d7%91%d7%a2/,he,rtl,"שחרור צבי ים: מסע הישרדות וחידוש החיים בים | מפת מיקום הצבים ע""ב GPS - המצפה התת ימי","על חשיבות שחרור צבי ים לטבע, האתגרים הכרוכים בכך וההשפעה על המערכת האקולוגית הימית. צפו במפת שחרור הצבים ומיקומם בזמן אמת! שש צבות ים קרניות שולבו במפרץ אילת במסגרת פרויקט שימור ומחקר שש נקבות של צב ים קרני, שבקעו וגדלו בפארק המצפה התת ימי באילת, שולבו ביום ראשון, 16.8.2026, במפרץ אילת. הצבות, המצוידות במשדרים לווייניים, הועברו מחוף הפארק אל חוף שמורת האלמוגים הסמוך, כחלק מפרויקט משותף של פארק המצפה התת ימי ורשות הטבע והגנים. השילוב בים",מעקב אחר צבי הים ששוחררו אל הטבע – שיקום אוכלוסיית צבי הים הקרניים,https://coralworld.co.il/%d7%a9%d7%97%d7%a8%d7%95%d7%a8-%d7%a6%d7%91%d7%99-%d7%99%d7%9d-%d7%9c%d7%98%d7%91%d7%a2/,content,200,,2,n,247,
https://coralworld.co.il/%D7%A9%D7%97%D7%A8%D7%95%D7%A8-%D7%A6%D7%91%D7%99-%D7%99%D7%9D-%D7%9C%D7%98%D7%91%D7%A2/,https://coralworld.co.il/%D7%A9%D7%97%D7%A8%D7%95%D7%A8-%D7%A6%D7%91%D7%99-%D7%99%D7%9D-%D7%9C%D7%98%D7%91%D7%A2/,he,rtl,"שחרור צבי ים: מסע הישרדות וחידוש החיים בים | מפת מיקום הצבים ע""ב GPS - המצפה התת ימי","על חשיבות שחרור צבי ים לטבע, האתגרים הכרוכים בכך וההשפעה על המערכת האקולוגית הימית. צפו במפת שחרור הצבים ומיקומם בזמן אמת! שש צבות ים קרניות שולבו במפרץ אילת במסגרת פרויקט שימור ומחקר שש נקבות של צב ים קרני, שבקעו וגדלו בפארק המצפה התת ימי באילת, שולבו ביום ראשון, 16.8.2026, במפרץ אילת. הצבות, המצוידות במשדרים לווייניים, הועברו מחוף הפארק אל חוף שמורת האלמוגים הסמוך, כחלק מפרויקט משותף של פארק המצפה התת ימי ורשות הטבע והגנים. השילוב בים",מעקב אחר צבי הים ששוחררו אל הטבע – שיקום אוכלוסיית צבי הים הקרניים,https://coralworld.co.il/%d7%a9%d7%97%d7%a8%d7%95%d7%a8-%d7%a6%d7%91%d7%99-%d7%99%d7%9d-%d7%9c%d7%98%d7%91%d7%a2/,content,200,,2,y,247,
https://coralworld.co.il/%D7%A9%D7%99%D7%9E%D7%99-%D7%9E%D7%94%D7%90%D7%97-%D7%94%D7%92%D7%93%D7%95%D7%9C/,https://coralworld.co.il/%D7%A9%D7%99%D7%9E%D7%99-%D7%9E%D7%94%D7%90%D7%97-%D7%94%D7%92%D7%93%D7%95%D7%9C/,he,rtl,שימי מהאח הגדול | המצפה התת ימי,,שימי מהאח הגדול,https://coralworld.co.il/%d7%a9%d7%99%d7%9e%d7%99-%d7%9e%d7%94%d7%90%d7%97-%d7%94%d7%92%d7%93%d7%95%d7%9c/,article,200,,2,y,90,
https://coralworld.co.il/%D7%A9%D7%99%D7%A7%D7%95%D7%9D-%D7%90%D7%9C%D7%9E%D7%95%D7%92%D7%99%D7%9D/,https://coralworld.co.il/%D7%A9%D7%99%D7%A7%D7%95%D7%9D-%D7%90%D7%9C%D7%9E%D7%95%D7%92%D7%99%D7%9D/,he,rtl,"שיקום אלמוגים ואזורים בהם נפגעו בע""ח ימיים באילת מזיהומים וסערות | המצפה התת ימי","שיקום אלמוגים באילת- למעלה מ-20 שנה שפארק המצפה התת-ימי באילת, משקיעים כסף וזמן רב בחקר הים על מנת לשפר ולהעשיר את הגישה והטיפול בבע""ח הימיים ולעזור בשיקום האזורים שבע""ח הימיים נפגעו כתוצאה מזיהומים וסערות",שיקום אלמוגים,https://coralworld.co.il/%d7%a9%d7%99%d7%a7%d7%95%d7%9d-%d7%90%d7%9c%d7%9e%d7%95%d7%92%d7%99%d7%9d/,article,200,,2,y,272,
https://coralworld.co.il/%D7%A9%D7%A4%D7%9C-%D7%97%D7%A8%D7%99%D7%92-%D7%9C%D7%97%D7%95%D7%A4%D7%99-%D7%9E%D7%A4%D7%A8%D7%A5-%D7%90%D7%99%D7%9C%D7%AA/,https://coralworld.co.il/%D7%A9%D7%A4%D7%9C-%D7%97%D7%A8%D7%99%D7%92-%D7%9C%D7%97%D7%95%D7%A4%D7%99-%D7%9E%D7%A4%D7%A8%D7%A5-%D7%90%D7%99%D7%9C%D7%AA/,he,rtl,שפל חריג לחופי מפרץ אילת | המצפה התת ימי,,שפל חריג לחופי מפרץ אילת,https://coralworld.co.il/%d7%a9%d7%a4%d7%9c-%d7%97%d7%a8%d7%99%d7%92-%d7%9c%d7%97%d7%95%d7%a4%d7%99-%d7%9e%d7%a4%d7%a8%d7%a5-%d7%90%d7%99%d7%9c%d7%aa/,article,200,,2,y,269,
https://coralworld.co.il/%D7%AA%D7%9C%D7%9E%D7%99%D7%93%D7%99%D7%9D-%D7%9C%D7%95%D7%9E%D7%93%D7%99%D7%9D-%D7%A2%D7%9C-%D7%A6%D7%91%D7%99-%D7%94%D7%99%D7%9D/,https://coralworld.co.il/%D7%AA%D7%9C%D7%9E%D7%99%D7%93%D7%99%D7%9D-%D7%9C%D7%95%D7%9E%D7%93%D7%99%D7%9D-%D7%A2%D7%9C-%D7%A6%D7%91%D7%99-%D7%94%D7%99%D7%9D/,he,rtl,תלמידים לומדים על צבי הים | המצפה התת ימי,תלמידים לומדים על צבי הים במצפה התת ימי באילת. גלו את עולמם המופלא של צבי הים!,תלמידים לומדים על צבי הים,https://coralworld.co.il/%d7%aa%d7%9c%d7%9e%d7%99%d7%93%d7%99%d7%9d-%d7%9c%d7%95%d7%9e%d7%93%d7%99%d7%9d-%d7%a2%d7%9c-%d7%a6%d7%91%d7%99-%d7%94%d7%99%d7%9d/,article,200,,2,y,18,
https://coralworld.co.il/%D7%AA%D7%9E%D7%A0%D7%95%D7%9F/,https://coralworld.co.il/%D7%AA%D7%9E%D7%A0%D7%95%D7%9F/,he,rtl,תמנון | המצפה התת ימי,,,https://coralworld.co.il/%d7%aa%d7%9e%d7%a0%d7%95%d7%9f/,article,200,,2,y,4,
https://coralworld.co.il/%D7%AA%D7%9E%D7%A0%D7%95%D7%A0%D7%99%D7%9D-%D7%91%D7%A9%D7%9C%D7%9C-%D7%92%D7%93%D7%9C%D7%99%D7%9D/,https://coralworld.co.il/%D7%AA%D7%9E%D7%A0%D7%95%D7%A0%D7%99%D7%9D-%D7%91%D7%A9%D7%9C%D7%9C-%D7%92%D7%93%D7%9C%D7%99%D7%9D/,he,rtl,תמנונים בשלל גדלים | המצפה התת ימי,,תמנונים בשלל גדלים,https://coralworld.co.il/%d7%aa%d7%9e%d7%a0%d7%95%d7%a0%d7%99%d7%9d-%d7%91%d7%a9%d7%9c%d7%9c-%d7%92%d7%93%d7%9c%d7%99%d7%9d/,article,200,,2,y,957,
https://coralworld.co.il/%d7%aa%d7%a0%d7%90%d7%99-%d7%a9%d7%99%d7%9e%d7%95%d7%a9/,https://coralworld.co.il/%d7%aa%d7%a0%d7%90%d7%99-%d7%a9%d7%99%d7%9e%d7%95%d7%a9/,he,rtl,תנאי שימוש | המצפה התת ימי,אנא קרא/י את תנאי השימוש באתר לפני השימוש בו ולפני רכישת כרטיסים או ביצוע כל עסקה דרך האתר.,תנאי שימוש,https://coralworld.co.il/%d7%aa%d7%a0%d7%90%d7%99-%d7%a9%d7%99%d7%9e%d7%95%d7%a9/,content,200,,3,n,2054,
https://coralworld.co.il/%D7%AA%D7%A0%D7%90%D7%99-%D7%A9%D7%99%D7%9E%D7%95%D7%A9/,https://coralworld.co.il/%D7%AA%D7%A0%D7%90%D7%99-%D7%A9%D7%99%D7%9E%D7%95%D7%A9/,he,rtl,תנאי שימוש | המצפה התת ימי,אנא קרא/י את תנאי השימוש באתר לפני השימוש בו ולפני רכישת כרטיסים או ביצוע כל עסקה דרך האתר.,תנאי שימוש,https://coralworld.co.il/%d7%aa%d7%a0%d7%90%d7%99-%d7%a9%d7%99%d7%9e%d7%95%d7%a9/,content,200,,3,y,2054,
https://coralworld.co.il/%d7%aa%d7%a7%d7%a0%d7%95%d7%9f-%d7%a4%d7%a8%d7%98%d7%99%d7%95%d7%aa/,https://coralworld.co.il/%d7%aa%d7%a7%d7%a0%d7%95%d7%9f-%d7%a4%d7%a8%d7%98%d7%99%d7%95%d7%aa/,he,rtl,תקנון פרטיות | המצפה התת ימי,"תקנון פרטיות |אנו מכבדים מאוד את הפרטיות שלכם, ולכן אנו עושים כל מאמץ לספק פלטפורמה שתעמוד בתקנים הגבוהים ביותר בנוגע לפרטיות המשתמשים>>>",תקנון פרטיות,https://coralworld.co.il/%d7%aa%d7%a7%d7%a0%d7%95%d7%9f-%d7%a4%d7%a8%d7%98%d7%99%d7%95%d7%aa/,legal,200,,3,n,1921,
https://coralworld.co.il/%D7%AA%D7%A7%D7%A0%D7%95%D7%9F-%D7%A4%D7%A8%D7%98%D7%99%D7%95%D7%AA/,https://coralworld.co.il/%D7%AA%D7%A7%D7%A0%D7%95%D7%9F-%D7%A4%D7%A8%D7%98%D7%99%D7%95%D7%AA/,he,rtl,תקנון פרטיות | המצפה התת ימי,"תקנון פרטיות |אנו מכבדים מאוד את הפרטיות שלכם, ולכן אנו עושים כל מאמץ לספק פלטפורמה שתעמוד בתקנים הגבוהים ביותר בנוגע לפרטיות המשתמשים>>>",תקנון פרטיות,https://coralworld.co.il/%d7%aa%d7%a7%d7%a0%d7%95%d7%9f-%d7%a4%d7%a8%d7%98%d7%99%d7%95%d7%aa/,legal,200,,3,y,1921,
https://coralworld.co.il/actioncentereilat/,https://coralworld.co.il/actioncentereilat/,he,rtl,אקשן סנטר- שלל אטרקציות באילת | המצפה התת ימי,מחפשים אטרקציות באילת? לצלול עם כרישים? לטייל בין חתולי וצבי ים או לשנרקל בתוך בריכה מלאה בדגים מרהיבים ביופיים? בואו לבלות קיץ מרענן (ורטוב) במיוחד באקשן סנטר במצפה התת ימי!,אקשן סנטר- שלל אטרקציות באילת,https://coralworld.co.il/actioncentereilat/,article,200,,2,y,534,
https://coralworld.co.il/almogim/,https://coralworld.co.il/almogim/,he,rtl,מה אנו יודעים על אלמוגים והאם מדובר בצמח או יצור חי? | המצפה התת ימי,"שוניות האלמוגים מספקות בית גידול לא רק למיני יצורים ימיים, אלא מסייעות גם לבני האדם | הן בין המערכות האקולוגיות הימיות המורכבות ביותר בים ולא סתם מכונות ""יערות הגשם של הים""","עצור, אלמוג לפניך! מה אנחנו באמת יודעים על אלמוגים והאם מדובר בצמח או יצור חי?",https://coralworld.co.il/almogim/,article,200,,2,y,968,
https://coralworld.co.il/aquadome/,https://coralworld.co.il/aquadome/,he,rtl,המצפה התת ימי אילת - אקווה דום AQUADOME - לצפות בלווייתנים בגודל מלא!,אקווה דום הינו חוויה ויזואלית עוצרת נשימה באולם קולנוע ייחודי המאפשר לצפות ולחוש בלווייתנים בגודל מלא וב- 360 מעלות. בואו לגלות את עולמו המסתורי של הלוויתן ב 3D,אקווה דום – להביט ללוייתנים בעיניים!,https://coralworld.co.il/aquadome/,content,200,,3,y,672,
https://coralworld.co.il/aquadomewhales/,https://coralworld.co.il/aquadomewhales/,he,rtl,אקווה דום- להביט ללוייתנים בעיניים! | המצפה התת ימי,,אקווה דום- להביט ללוייתנים בעיניים!,https://coralworld.co.il/aquadomewhales/,article,200,,2,y,568,
https://coralworld.co.il/articles/,https://coralworld.co.il/articles/,he,rtl,מאמרים | המצפה התת ימי,,,https://coralworld.co.il/articles/,form,200,,3,y,32,
https://coralworld.co.il/atractionsforkidseilat/,https://coralworld.co.il/atractionsforkidseilat/,he,rtl,המצפה התת ימי- שלל אטרקציות לילדים באילת | המצפה התת ימי,"אטרקציות באילת? שפע של אפשרויות בילוי נפלאות מחוץ לבתי המלון - לכל המשפחה, אפילו בקיץ האילתי. אז הנה מגוון אטרקציות באילת ומקומות המומלצים לבילוי קיצי ואיכותי בעיר. תהנו!",המצפה התת ימי- שלל אטרקציות לילדים באילת,https://coralworld.co.il/atractionsforkidseilat/,article,200,,2,y,674,
https://coralworld.co.il/babysharks/,https://coralworld.co.il/babysharks/,he,rtl,בייבי שארק טו טו דו טו טו! | המצפה התת ימי,"בואו להכיר את עולם הכרישים ולהביט ביצורי הפלא שוחים להנאתם ולהמשיך ללמוד עליהם | תוכלו ללמוד שהכריש, בעזרת מערכת חושים מהמשוכללות בטבע מזהה את טרפו מקילומטרים לפני שהוא רואה אותו",בייבי שארק טו טו דו טו טו! קבלו 10 עובדות מדהימות על עולם הכרישים ולמה אנחנו לא צריכים לפחד מהם אלא דווקא לשמור עליהם!,https://coralworld.co.il/babysharks/,article,200,,2,y,553,
https://coralworld.co.il/birthday-celebration/,https://coralworld.co.il/birthday-celebration/,he,rtl,Birthday celebration | המצפה התת ימי,,,https://coralworld.co.il/birthday-celebration/,content,200,,2,y,1108,
https://coralworld.co.il/canfishsleep/,https://coralworld.co.il/canfishsleep/,he,rtl,"בואו לגלות האם דגים ישנים (וחולמים?), אז זהו שכן, ועמוק! | המצפה התת ימי","שאלתם האם ואיך דגים ישנים, אם הם חולמים והאם אנו מפריעים להם? די קל לדעת מתי דגים ישנים: הם שוכבים ללא תנועה, לעיתים על הקרקעית ותגובתם איטית למתרחש סביבם | בואו ללמוד עוד!","בואו לגלות האם דגים ישנים (וחולמים?), אז זהו שכן, ועמוק!",https://coralworld.co.il/canfishsleep/,article,200,,2,y,775,
https://coralworld.co.il/category/%D7%93%D7%A8%D7%95%D7%A9%D7%99%D7%9D-%D7%9C%D7%A4%D7%90%D7%A8%D7%A7-%D7%94%D7%9E%D7%A6%D7%A4%D7%94-%D7%94%D7%AA%D7%AA-%D7%99%D7%9E%D7%99/,https://coralworld.co.il/category/%D7%93%D7%A8%D7%95%D7%A9%D7%99%D7%9D-%D7%9C%D7%A4%D7%90%D7%A8%D7%A7-%D7%94%D7%9E%D7%A6%D7%A4%D7%94-%D7%94%D7%AA%D7%AA-%D7%99%D7%9E%D7%99/,he,rtl,דרושים | המצפה התת ימי,,,https://coralworld.co.il/category/%d7%93%d7%a8%d7%95%d7%a9%d7%99%d7%9d-%d7%9c%d7%a4%d7%90%d7%a8%d7%a7-%d7%94%d7%9e%d7%a6%d7%a4%d7%94-%d7%94%d7%aa%d7%aa-%d7%99%d7%9e%d7%99/,listing,200,,2,y,42,
https://coralworld.co.il/category/%D7%97%D7%93%D7%A9%D7%95%D7%AA-%D7%94%D7%A4%D7%90%D7%A8%D7%A7/,https://coralworld.co.il/category/%D7%97%D7%93%D7%A9%D7%95%D7%AA-%D7%94%D7%A4%D7%90%D7%A8%D7%A7/,he,rtl,חדשות הפארק | המצפה התת ימי,,,https://coralworld.co.il/category/%d7%97%d7%93%d7%a9%d7%95%d7%aa-%d7%94%d7%a4%d7%90%d7%a8%d7%a7/,listing,200,,3,y,138,
https://coralworld.co.il/category/%D7%99%D7%9D-%D7%A9%D7%9C-%D7%A9%D7%90%D7%9C%D7%95%D7%AA/,https://coralworld.co.il/category/%D7%99%D7%9D-%D7%A9%D7%9C-%D7%A9%D7%90%D7%9C%D7%95%D7%AA/,he,rtl,ים של שאלות | המצפה התת ימי,,,https://coralworld.co.il/category/%d7%99%d7%9d-%d7%a9%d7%9c-%d7%a9%d7%90%d7%9c%d7%95%d7%aa/,listing,200,,2,y,34,
https://coralworld.co.il/category/%D7%9E%D7%90%D7%9E%D7%A8%D7%99%D7%9D/,https://coralworld.co.il/category/%D7%9E%D7%90%D7%9E%D7%A8%D7%99%D7%9D/,he,rtl,מאמרים | המצפה התת ימי,,,https://coralworld.co.il/category/%d7%9e%d7%90%d7%9e%d7%a8%d7%99%d7%9d/,listing,200,,11,y,45,
https://coralworld.co.il/category/%D7%9E%D7%90%D7%9E%D7%A8%D7%99%D7%9D/%D7%90%D7%9C%D7%9E%D7%95%D7%92%D7%99%D7%9D/,https://coralworld.co.il/category/%D7%9E%D7%90%D7%9E%D7%A8%D7%99%D7%9D/%D7%90%D7%9C%D7%9E%D7%95%D7%92%D7%99%D7%9D/,he,rtl,אלמוגים | המצפה התת ימי,,,https://coralworld.co.il/category/%d7%9e%d7%90%d7%9e%d7%a8%d7%99%d7%9d/%d7%90%d7%9c%d7%9e%d7%95%d7%92%d7%99%d7%9d/,listing,200,,3,y,80,
https://coralworld.co.il/category/%D7%9E%D7%90%D7%9E%D7%A8%D7%99%D7%9D/%D7%96%D7%A0%D7%99-%D7%93%D7%92%D7%99%D7%9D/,https://coralworld.co.il/category/%D7%9E%D7%90%D7%9E%D7%A8%D7%99%D7%9D/%D7%96%D7%A0%D7%99-%D7%93%D7%92%D7%99%D7%9D/,he,rtl,זני דגים | המצפה התת ימי,,,https://coralworld.co.il/category/%d7%9e%d7%90%d7%9e%d7%a8%d7%99%d7%9d/%d7%96%d7%a0%d7%99-%d7%93%d7%92%d7%99%d7%9d/,listing,200,,2,y,30,
https://coralworld.co.il/category/%D7%9E%D7%90%D7%9E%D7%A8%D7%99%D7%9D/%D7%9B%D7%A8%D7%99%D7%A9%D7%99%D7%9D/,https://coralworld.co.il/category/%D7%9E%D7%90%D7%9E%D7%A8%D7%99%D7%9D/%D7%9B%D7%A8%D7%99%D7%A9%D7%99%D7%9D/,he,rtl,כרישים | המצפה התת ימי,,,https://coralworld.co.il/category/%d7%9e%d7%90%d7%9e%d7%a8%d7%99%d7%9d/%d7%9b%d7%a8%d7%99%d7%a9%d7%99%d7%9d/,listing,200,,3,y,209,
https://coralworld.co.il/category/%D7%9E%D7%90%D7%9E%D7%A8%D7%99%D7%9D/%D7%9E%D7%95%D7%93%D7%95%D7%96%D7%95%D7%AA/,https://coralworld.co.il/category/%D7%9E%D7%90%D7%9E%D7%A8%D7%99%D7%9D/%D7%9E%D7%95%D7%93%D7%95%D7%96%D7%95%D7%AA/,he,rtl,מדוזות | המצפה התת ימי,,,https://coralworld.co.il/category/%d7%9e%d7%90%d7%9e%d7%a8%d7%99%d7%9d/%d7%9e%d7%95%d7%93%d7%95%d7%96%d7%95%d7%aa/,listing,200,,2,y,62,
https://coralworld.co.il/category/%D7%A4%D7%A2%D7%99%D7%9C%D7%95%D7%99%D7%95%D7%AA-%D7%9C%D7%99%D7%9C%D7%93%D7%99%D7%9D/,https://coralworld.co.il/category/%D7%A4%D7%A2%D7%99%D7%9C%D7%95%D7%99%D7%95%D7%AA-%D7%9C%D7%99%D7%9C%D7%93%D7%99%D7%9D/,he,rtl,פעילויות לילדים | המצפה התת ימי,,,https://coralworld.co.il/category/%d7%a4%d7%a2%d7%99%d7%9c%d7%95%d7%99%d7%95%d7%aa-%d7%9c%d7%99%d7%9c%d7%93%d7%99%d7%9d/,listing,200,,2,y,41,
https://coralworld.co.il/conservation/,https://coralworld.co.il/conservation/,he,rtl,לחיי הים הזה! | המצפה התת ימי,פארק המצפה התת ימי באילת גאה להוביל שינוי סביבתי ותודעתי במסגרת הפרוייקט החדש- לחיי הים הזה! הפארק שם דגש על צמצום השימוש בפלסטיק ונייר ועל שמירת סביבת הים ושאר האטרקציות באילת,פרוייקט 'לחיי הים הזה'!,https://coralworld.co.il/conservation/,article,200,,2,y,129,
https://coralworld.co.il/depths_creatures/%D7%93%D7%99%D7%95%D7%A0%D7%95%D7%9F-%D7%94%D7%96%D7%9B%D7%95%D7%9B%D7%99%D7%AA/,https://coralworld.co.il/depths_creatures/%D7%93%D7%99%D7%95%D7%A0%D7%95%D7%9F-%D7%94%D7%96%D7%9B%D7%95%D7%9B%D7%99%D7%AA/,he,rtl,דיונון הזכוכית | המצפה התת ימי,,,https://coralworld.co.il/depths_creatures/%d7%93%d7%99%d7%95%d7%a0%d7%95%d7%9f-%d7%94%d7%96%d7%9b%d7%95%d7%9b%d7%99%d7%aa/,form,200,,3,y,0,
https://coralworld.co.il/depths_creatures/%D7%A4%D7%AA%D7%99%D7%95%D7%A0%D7%90%D7%99-%D7%94%D7%9E%D7%A2%D7%9E%D7%A7%D7%99%D7%9D/,https://coralworld.co.il/depths_creatures/%D7%A4%D7%AA%D7%99%D7%95%D7%A0%D7%90%D7%99-%D7%94%D7%9E%D7%A2%D7%9E%D7%A7%D7%99%D7%9D/,he,rtl,פתיונאי המעמקים | המצפה התת ימי,,,https://coralworld.co.il/depths_creatures/%d7%a4%d7%aa%d7%99%d7%95%d7%a0%d7%90%d7%99-%d7%94%d7%9e%d7%a2%d7%9e%d7%a7%d7%99%d7%9d/,form,200,,3,y,0,
https://coralworld.co.il/depths_creatures/%D7%A6%D7%99%D7%99%D7%93%D7%AA-%D7%94%D7%A4%D7%A8%D7%A4%D7%A8%D7%99%D7%9D/,https://coralworld.co.il/depths_creatures/%D7%A6%D7%99%D7%99%D7%93%D7%AA-%D7%94%D7%A4%D7%A8%D7%A4%D7%A8%D7%99%D7%9D/,he,rtl,ציידת הפרפרים | המצפה התת ימי,,,https://coralworld.co.il/depths_creatures/%d7%a6%d7%99%d7%99%d7%93%d7%aa-%d7%94%d7%a4%d7%a8%d7%a4%d7%a8%d7%99%d7%9d/,form,200,,3,y,0,
https://coralworld.co.il/depths_creatures/353/,https://coralworld.co.il/depths_creatures/353/,he,rtl,מדוזת אטולה | המצפה התת ימי,,,https://coralworld.co.il/depths_creatures/353/,form,200,,3,y,0,
https://coralworld.co.il/depths_creatures/369/,https://coralworld.co.il/depths_creatures/369/,he,rtl,צלופח השקנאי | המצפה התת ימי,,,https://coralworld.co.il/depths_creatures/369/,form,200,,3,y,0,
https://coralworld.co.il/depths-creatures/,https://coralworld.co.il/depths-creatures/,he,rtl,יצורים ממעמקים | המצפה התת ימי,"הכירו בעלי חיים ימיים שאפילו צוללים מנוסים לא פוגשים! יצורים מעוררי פליאה החיים בעומקים של מאות מטרים, בחושך מוחלט ותועדו בסרטונים נדירים!",יצורים ממעמקים,https://coralworld.co.il/depths-creatures/,content,200,,3,y,503,
https://coralworld.co.il/elementor-3286/,https://coralworld.co.il/elementor-3286/,he,rtl,מאמרים | המצפה התת ימי,,,https://coralworld.co.il/elementor-3286/,form,200,,2,y,32,
https://coralworld.co.il/events/,https://coralworld.co.il/events/,he,rtl,מחפשים מקום לאירוע באילת? מצאתם! | המצפה התת ימי,"בפארק המצפה התת ימי ניתן לערוך בערב אירועים פרטיים, אירועי חברה, ישיבות סיעור מוחות, גיבושי מנכ לים, ארוחות ערב אקסקלוסיביות, קוקטילים, קבלת שבת וכו",אירועים,https://coralworld.co.il/events/,form,200,,3,y,152,
https://coralworld.co.il/groups/,https://coralworld.co.il/groups/,he,rtl,קבוצות | המצפה התת ימי,"אם אתם מחפשים פעילות למבוגרים או פעילות לילדים באילת, המצפה התת ימי מזמין אתכם לארגן פעילויות לקבוצות שיאפשרו להם להינות מאחת האטרקציות הטובות באילת",פארק המצפה התת ימי כפי שלא הכרתם!,https://coralworld.co.il/groups/,form,200,,2,y,151,
https://coralworld.co.il/he/ArticleItem/144,https://coralworld.co.il/he/ArticleItem/144,he,,,,,,error,0,,0,n,,"browserContext.newPage: Target page, context or browser has been closed"
https://coralworld.co.il/interactive-games/,https://coralworld.co.il/interactive-games/,he,rtl,משחקים אינטראקטיביים במצפה- כיף לכל המשפחה! | המצפה התת ימי,בחלק האחורי של בריכת הכרישים מחכה לכם עולם אינטראקטיבי של משחקים דיגיטליים מעשירים ומהנים בנושא כרישים! בואו לגלות עד כמה הכרישים מהירים!,משחקים אינטראקטיביים,https://coralworld.co.il/interactive-games/,content,200,,3,y,264,
https://coralworld.co.il/more-attractions/,https://coralworld.co.il/more-attractions/,he,rtl,"אקשן סנטר - שנירקול, צלילה עם כרישים, אטרקציות באילת ועוד | המצפה התת ימי","מחפשים אטרקציות באילת? במצפה התת ימי אילת תיהנו ממגוון אטרקציות! שנירקול בפארק לילדים או צלילה עם כרישים, שייט בסירת זכוכית, צלילת היכרות עם צולל מקצועי, שנירקול ועוד. היכנסו!",אקשן סנטר,https://coralworld.co.il/more-attractions/,content,200,,3,y,2526,
https://coralworld.co.il/news/,https://coralworld.co.il/news/,he,rtl,חדשות ומאמרים | המצפה התת ימי,"חדשות הים האדום של המצפה התת ימי באילת. אין ספק שאילת, על חופי ים סוף, מהווה יעד אידאלי לחופשה משפחתית עם שפע של אטרקציות לילדים בכל גיל ובכל עונה, גלו עוד >> קראו בבלוג שלנו!",חדשות ומאמרים,https://coralworld.co.il/news/,article,200,,3,y,339,
https://coralworld.co.il/newsandarticles/,https://coralworld.co.il/newsandarticles/,he,rtl,כתבות | המצפה התת ימי,האם דגים ישנים בלילה? כמה כריש אוכל ביום? כל הכתבות של המצפה התת ימי באילת במקום אחד!,,https://coralworld.co.il/newsandarticles/,listing,200,,2,y,6,
https://coralworld.co.il/product-category/uncategorized/,https://coralworld.co.il/product-category/uncategorized/,he,rtl,Uncategorized | המצפה התת ימי,,,https://coralworld.co.il/product-category/uncategorized/,listing,200,,2,y,0,
https://coralworld.co.il/product/%D7%9B%D7%A0%D7%99%D7%A1%D7%94-%D7%9C%D7%9E%D7%A6%D7%A4%D7%94-%D7%9B%D7%A0%D7%99%D7%A1%D7%94-%D7%9C%D7%90%D7%A7%D7%95%D7%95%D7%94-%D7%93%D7%95%D7%9D-%D7%9B%D7%95%D7%9C%D7%9C-%D7%9B%D7%95%D7%A1/,https://coralworld.co.il/product/%D7%9B%D7%A0%D7%99%D7%A1%D7%94-%D7%9C%D7%9E%D7%A6%D7%A4%D7%94-%D7%9B%D7%A0%D7%99%D7%A1%D7%94-%D7%9C%D7%90%D7%A7%D7%95%D7%95%D7%94-%D7%93%D7%95%D7%9D-%D7%9B%D7%95%D7%9C%D7%9C-%D7%9B%D7%95%D7%A1/,he,rtl,"כניסה לפארק המצפה, כניסה לאקווה דום 3D! | המצפה התת ימי",,,https://coralworld.co.il/product/%d7%9b%d7%a0%d7%99%d7%a1%d7%94-%d7%9c%d7%9e%d7%a6%d7%a4%d7%94-%d7%9b%d7%a0%d7%99%d7%a1%d7%94-%d7%9c%d7%90%d7%a7%d7%95%d7%95%d7%94-%d7%93%d7%95%d7%9d-%d7%9b%d7%95%d7%9c%d7%9c-%d7%9b%d7%95%d7%a1/,product,200,,3,y,0,
https://coralworld.co.il/product/%D7%9B%D7%A8%D7%98%D7%99%D7%A1-%D7%9E%D7%A9%D7%95%D7%9C%D7%91-%D7%91%D7%94%D7%A0%D7%97%D7%94-%D7%94%D7%9E%D7%A6%D7%A4%D7%94-%D7%94%D7%AA%D7%AA-%D7%99%D7%9E%D7%99-%D7%90%D7%A7%D7%95%D7%95%D7%94/,https://coralworld.co.il/product/%D7%9B%D7%A8%D7%98%D7%99%D7%A1-%D7%9E%D7%A9%D7%95%D7%9C%D7%91-%D7%91%D7%94%D7%A0%D7%97%D7%94-%D7%94%D7%9E%D7%A6%D7%A4%D7%94-%D7%94%D7%AA%D7%AA-%D7%99%D7%9E%D7%99-%D7%90%D7%A7%D7%95%D7%95%D7%94/,he,rtl,"כרטיס משולב בהנחה: המצפה התת-ימי, אקווה דום D3 וטופ 94 | המצפה התת ימי",,,https://coralworld.co.il/product/%d7%9b%d7%a8%d7%98%d7%99%d7%a1-%d7%9e%d7%a9%d7%95%d7%9c%d7%91-%d7%91%d7%94%d7%a0%d7%97%d7%94-%d7%94%d7%9e%d7%a6%d7%a4%d7%94-%d7%94%d7%aa%d7%aa-%d7%99%d7%9e%d7%99-%d7%90%d7%a7%d7%95%d7%95%d7%94/,ticket,200,,3,y,0,
https://coralworld.co.il/product/%D7%9B%D7%A8%D7%98%D7%99%D7%A1-%D7%9E%D7%A9%D7%95%D7%9C%D7%91-%D7%91%D7%94%D7%A0%D7%97%D7%94-%D7%9B%D7%A0%D7%99%D7%A1%D7%94-%D7%9C%D7%9E%D7%A6%D7%A4%D7%94-%D7%90%D7%A7%D7%95%D7%95%D7%94-%D7%93%D7%95/,https://coralworld.co.il/product/%D7%9B%D7%A8%D7%98%D7%99%D7%A1-%D7%9E%D7%A9%D7%95%D7%9C%D7%91-%D7%91%D7%94%D7%A0%D7%97%D7%94-%D7%9B%D7%A0%D7%99%D7%A1%D7%94-%D7%9C%D7%9E%D7%A6%D7%A4%D7%94-%D7%90%D7%A7%D7%95%D7%95%D7%94-%D7%93%D7%95/,he,rtl,כרטיס משלוב בהנחה – כניסה לפארק המצפה + אקווה דום 3D + כניסה לפארק תמנע | המצפה התת ימי,,,https://coralworld.co.il/product/%d7%9b%d7%a8%d7%98%d7%99%d7%a1-%d7%9e%d7%a9%d7%95%d7%9c%d7%91-%d7%91%d7%94%d7%a0%d7%97%d7%94-%d7%9b%d7%a0%d7%99%d7%a1%d7%94-%d7%9c%d7%9e%d7%a6%d7%a4%d7%94-%d7%90%d7%a7%d7%95%d7%95%d7%94-%d7%93%d7%95/,ticket,200,,3,y,0,
https://coralworld.co.il/product/%D7%A1%D7%99%D7%95%D7%A8-vip-%D7%A4%D7%A8%D7%98%D7%99-%D7%91%D7%9E%D7%A6%D7%A4%D7%94-%D7%A2%D7%93-8-%D7%90%D7%A0%D7%A9%D7%99%D7%9D/,https://coralworld.co.il/product/%D7%A1%D7%99%D7%95%D7%A8-vip-%D7%A4%D7%A8%D7%98%D7%99-%D7%91%D7%9E%D7%A6%D7%A4%D7%94-%D7%A2%D7%93-8-%D7%90%D7%A0%D7%A9%D7%99%D7%9D/,he,rtl,סיור אל מאחורי הקלעים – חוויה בלתי נשכחת | המצפה התת ימי,,,https://coralworld.co.il/product/%d7%a1%d7%99%d7%95%d7%a8-vip-%d7%a4%d7%a8%d7%98%d7%99-%d7%91%d7%9e%d7%a6%d7%a4%d7%94-%d7%a2%d7%93-8-%d7%90%d7%a0%d7%a9%d7%99%d7%9d/,product,200,,3,y,0,
https://coralworld.co.il/product/%D7%A6%D7%9C%D7%99%D7%9C%D7%94-%D7%A2%D7%9D-%D7%9B%D7%A8%D7%99%D7%A9%D7%99%D7%9D-%D7%9C%D7%91%D7%A2%D7%9C%D7%99-%D7%A8%D7%99%D7%A9%D7%99%D7%95%D7%9F-%D7%95%D7%91%D7%99%D7%98%D7%95%D7%97-%D7%9B%D7%95/,https://coralworld.co.il/product/%D7%A6%D7%9C%D7%99%D7%9C%D7%94-%D7%A2%D7%9D-%D7%9B%D7%A8%D7%99%D7%A9%D7%99%D7%9D-%D7%9C%D7%91%D7%A2%D7%9C%D7%99-%D7%A8%D7%99%D7%A9%D7%99%D7%95%D7%9F-%D7%95%D7%91%D7%99%D7%98%D7%95%D7%97-%D7%9B%D7%95/,he,rtl,"צלילה עם כרישים, לבעלי רישיון וביטוח. כולל כניסה לפארק המצפה וכניסה לאקווה דום 3D | המצפה התת ימי",,,https://coralworld.co.il/product/%d7%a6%d7%9c%d7%99%d7%9c%d7%94-%d7%a2%d7%9d-%d7%9b%d7%a8%d7%99%d7%a9%d7%99%d7%9d-%d7%9c%d7%91%d7%a2%d7%9c%d7%99-%d7%a8%d7%99%d7%a9%d7%99%d7%95%d7%9f-%d7%95%d7%91%d7%99%d7%98%d7%95%d7%97-%d7%9b%d7%95/,product,200,,3,y,0,
https://coralworld.co.il/qanda/,https://coralworld.co.il/qanda/,he,rtl,שאלות ותשובות | המצפה התת ימי,,החוויה הכי מרגשת באילתמתחילה כאן!,https://coralworld.co.il/qanda/,article,200,,2,y,6539,
https://coralworld.co.il/rare-fish/,https://coralworld.co.il/rare-fish/,he,rtl,אקווריום דגים נדירים באילת | המצפה התת ימי,אקווריום דגים נדירים- אטרקציה לילדים ומשפחות באילת. מתחם בו 35 אקווריומים בהם תוכלו לפגוש מעל 800 סוגי דגים יפהפיים ואפילו לצפות במופע מדוזות מהפנט בתצוגת חושך!,אקווריום דגים נדירים,https://coralworld.co.il/rare-fish/,content,200,,3,y,839,
https://coralworld.co.il/rarefish/%D7%90%D7%91%D7%A0%D7%95%D7%9F/,https://coralworld.co.il/rarefish/%D7%90%D7%91%D7%A0%D7%95%D7%9F/,he,rtl,אבנונית | המצפה התת ימי,,,https://coralworld.co.il/rarefish/%d7%90%d7%91%d7%a0%d7%95%d7%9f/,form,200,,3,y,0,
https://coralworld.co.il/rarefish/%D7%96%D7%94%D7%A8%D7%95%D7%9F/,https://coralworld.co.il/rarefish/%D7%96%D7%94%D7%A8%D7%95%D7%9F/,he,rtl,זהרון | המצפה התת ימי,,,https://coralworld.co.il/rarefish/%d7%96%d7%94%d7%a8%d7%95%d7%9f/,form,200,,3,y,0,
https://coralworld.co.il/rarefish/%D7%A1%D7%95%D7%A1%D7%95%D7%9F-%D7%99%D7%9D/,https://coralworld.co.il/rarefish/%D7%A1%D7%95%D7%A1%D7%95%D7%9F-%D7%99%D7%9D/,he,rtl,סוסון ים | המצפה התת ימי,,,https://coralworld.co.il/rarefish/%d7%a1%d7%95%d7%a1%d7%95%d7%9f-%d7%99%d7%9d/,form,200,,3,y,0,
https://coralworld.co.il/rarefish/%D7%A4%D7%96%D7%99%D7%AA-%D7%99%D7%9D-%D7%A1%D7%95%D7%A3/,https://coralworld.co.il/rarefish/%D7%A4%D7%96%D7%99%D7%AA-%D7%99%D7%9D-%D7%A1%D7%95%D7%A3/,he,rtl,פזית ים סוף | המצפה התת ימי,,,https://coralworld.co.il/rarefish/%d7%a4%d7%96%d7%99%d7%aa-%d7%99%d7%9d-%d7%a1%d7%95%d7%a3/,form,200,,3,y,0,
https://coralworld.co.il/rarefish/%D7%A4%D7%AA%D7%99%D7%95%D7%A0%D7%90%D7%99/,https://coralworld.co.il/rarefish/%D7%A4%D7%AA%D7%99%D7%95%D7%A0%D7%90%D7%99/,he,rtl,פתיונאי | המצפה התת ימי,,,https://coralworld.co.il/rarefish/%d7%a4%d7%aa%d7%99%d7%95%d7%a0%d7%90%d7%99/,form,200,,3,y,0,
https://coralworld.co.il/rarefish/%D7%AA%D7%9E%D7%A0%D7%95%D7%9F/,https://coralworld.co.il/rarefish/%D7%AA%D7%9E%D7%A0%D7%95%D7%9F/,he,rtl,תמנון | המצפה התת ימי,,,https://coralworld.co.il/rarefish/%d7%aa%d7%9e%d7%a0%d7%95%d7%9f/,form,200,,3,y,0,
https://coralworld.co.il/red_sea_reef/%D7%A0%D7%AA%D7%97%D7%9F-%D7%A1%D7%92%D7%95%D7%9C/,https://coralworld.co.il/red_sea_reef/%D7%A0%D7%AA%D7%97%D7%9F-%D7%A1%D7%92%D7%95%D7%9C/,he,rtl,נתחן סגול | המצפה התת ימי,,,https://coralworld.co.il/red_sea_reef/%d7%a0%d7%aa%d7%97%d7%9f-%d7%a1%d7%92%d7%95%d7%9c/,form,200,,3,y,0,
https://coralworld.co.il/red_sea_reef/%D7%A4%D7%99%D7%A7%D7%A1%D7%95%D7%9F/,https://coralworld.co.il/red_sea_reef/%D7%A4%D7%99%D7%A7%D7%A1%D7%95%D7%9F/,he,rtl,פיקסון | המצפה התת ימי,,,https://coralworld.co.il/red_sea_reef/%d7%a4%d7%99%d7%a7%d7%a1%d7%95%d7%9f/,form,200,,3,y,0,
https://coralworld.co.il/red_sea_reef/%D7%A4%D7%A8%D7%A4%D7%A8%D7%95%D7%9F-%D7%94%D7%97%D7%95%D7%98/,https://coralworld.co.il/red_sea_reef/%D7%A4%D7%A8%D7%A4%D7%A8%D7%95%D7%9F-%D7%94%D7%97%D7%95%D7%98/,he,rtl,פרפרון החוט | המצפה התת ימי,,,https://coralworld.co.il/red_sea_reef/%d7%a4%d7%a8%d7%a4%d7%a8%d7%95%d7%9f-%d7%94%d7%97%d7%95%d7%98/,form,200,,3,y,0,
https://coralworld.co.il/red_sea_reef/%D7%A9%D7%95%D7%A9%D7%A0%D7%95%D7%9F/,https://coralworld.co.il/red_sea_reef/%D7%A9%D7%95%D7%A9%D7%A0%D7%95%D7%9F/,he,rtl,שושנון | המצפה התת ימי,,,https://coralworld.co.il/red_sea_reef/%d7%a9%d7%95%d7%a9%d7%a0%d7%95%d7%9f/,form,200,,3,y,0,
https://coralworld.co.il/red_sea_reef/486/,https://coralworld.co.il/red_sea_reef/486/,he,rtl,יולית ים סוף | המצפה התת ימי,,,https://coralworld.co.il/red_sea_reef/486/,form,200,,3,y,0,
https://coralworld.co.il/red_sea_reef/497/,https://coralworld.co.il/red_sea_reef/497/,he,rtl,דג נקאי | המצפה התת ימי,,,https://coralworld.co.il/red_sea_reef/497/,form,200,,3,y,0,
https://coralworld.co.il/red-sea-reef/,https://coralworld.co.il/red-sea-reef/,he,rtl,שונית ים סוף | המצפה התת ימי,"שונית ים סוף - סקרנים לגלות כיצד נראית שונית האלמוגים מתחת למים? כאן תוכלו לצפות בהעתק מדויק של שונית מפרץ אילת המדהימה, אקווריום מעגלי עם מושבות אלמוגים מפוארות ודגים מרהיבים ביופיים",שונית ים סוף,https://coralworld.co.il/red-sea-reef/,content,200,,3,y,809,
https://coralworld.co.il/red-sea-story/,https://coralworld.co.il/red-sea-story/,he,rtl,סיפור הים האדום | המצפה התת ימי,"הביקור בפארק מעניק למבקריו הזדמנות נדירה להיכנס לעולם החי העשיר של מפרץ אילת, אטרקציה לכל המשפחה וחוויה בלתי נשכחת לילדים ומבוגרים כאחד",החזון שלנו,https://coralworld.co.il/red-sea-story/,content,200,,3,y,713,
https://coralworld.co.il/seaturtlefacts/,https://coralworld.co.il/seaturtlefacts/,he,rtl,10 עובדות מדהימות שלא ידעתם על צבי הים! | בואו ללמוד ולהכיר אותם | המצפה התת ימי,"ה-16 ביוני הוא יום צבי הים העולמי. יש הרבה עובדות מדהימות שכדאי לדעת על היצורים המרתקים הללו באשר לגילם, האנטומיה הייחודית שלהם והיכולות הגופניות יוצאות הדופן שלהם בואו לקרוא!",מחפשים אטרקציות באילת? בואו ללמוד 10 עובדות מדהימות שלא ידעתם על צבי הים! מוכנים?,https://coralworld.co.il/seaturtlefacts/,article,200,,2,y,564,
https://coralworld.co.il/sharks_world/%D7%9B%D7%A8%D7%99%D7%A9-%D7%92%D7%93%D7%95%D7%9C-%D7%A9%D7%9F/,https://coralworld.co.il/sharks_world/%D7%9B%D7%A8%D7%99%D7%A9-%D7%92%D7%93%D7%95%D7%9C-%D7%A9%D7%9F/,he,rtl,כריש גדול-שן | המצפה התת ימי,,,https://coralworld.co.il/sharks_world/%d7%9b%d7%a8%d7%99%d7%a9-%d7%92%d7%93%d7%95%d7%9c-%d7%a9%d7%9f/,form,200,,3,y,0,
https://coralworld.co.il/sharks_world/427/,https://coralworld.co.il/sharks_world/427/,he,rtl,כריש שחור סנפירים | המצפה התת ימי,,,https://coralworld.co.il/sharks_world/427/,form,200,,3,y,0,
https://coralworld.co.il/sharks_world/432/,https://coralworld.co.il/sharks_world/432/,he,rtl,כריש סנפירתן | המצפה התת ימי,,,https://coralworld.co.il/sharks_world/432/,form,200,,3,y,0,
https://coralworld.co.il/sharks_world/437/,https://coralworld.co.il/sharks_world/437/,he,rtl,פטישן | המצפה התת ימי,,,https://coralworld.co.il/sharks_world/437/,form,200,,3,y,0,
https://coralworld.co.il/sharks_world/442/,https://coralworld.co.il/sharks_world/442/,he,rtl,עטלף ים | המצפה התת ימי,,,https://coralworld.co.il/sharks_world/442/,form,200,,3,y,0,
https://coralworld.co.il/sharks_world/447/,https://coralworld.co.il/sharks_world/447/,he,rtl,זנבתן מנומר | המצפה התת ימי,,,https://coralworld.co.il/sharks_world/447/,form,200,,3,y,0,
https://coralworld.co.il/sharks-world/,https://coralworld.co.il/sharks-world/,he,rtl,עולם הכרישים - לצלול עם כרישים באילת | המצפה התת ימי,"מתחם הכרישים באילת משתרע על פני 1,000 מ""ר וכולל בריכת כרישים ענקית, מרכז פעילות אינטראקטיבי ומנהרה שקופה דרכה עוברים המבקרים בין בעלי החיים המדהימים השוחים בו.",עולם הכרישים,https://coralworld.co.il/sharks-world/,content,200,,3,y,1130,
https://coralworld.co.il/snorkelingineilat/,https://coralworld.co.il/snorkelingineilat/,he,rtl,לטייל.. בתוך הים! איפה תוכלו לשנרקל באילת ובפארק המצפה התת ימי? | המצפה התת ימי,"שאלתם האם ואיך דגים ישנים, אם הם חולמים והאם אנו מפריעים להם? די קל לדעת מתי דגים ישנים: הם שוכבים ללא תנועה, לעיתים על הקרקעית ותגובתם איטית למתרחש סביבם | בואו ללמוד עוד!",לטייל.. בתוך הים! איפה תוכלו לשנרקל באילת ובפארק המצפה התת ימי?,https://coralworld.co.il/snorkelingineilat/,article,200,,2,y,597,
https://coralworld.co.il/tag/%D7%94%D7%95%D7%9C%D7%95%D7%92%D7%A8%D7%9E%D7%94/,https://coralworld.co.il/tag/%D7%94%D7%95%D7%9C%D7%95%D7%92%D7%A8%D7%9E%D7%94/,he,rtl,הולוגרמה | המצפה התת ימי,,,https://coralworld.co.il/tag/%d7%94%d7%95%d7%9c%d7%95%d7%92%d7%a8%d7%9e%d7%94/,listing,200,,2,y,0,
https://coralworld.co.il/tag/%D7%96%D7%94%D7%A8%D7%95%D7%9F/,https://coralworld.co.il/tag/%D7%96%D7%94%D7%A8%D7%95%D7%9F/,he,rtl,זהרון | המצפה התת ימי,,,https://coralworld.co.il/tag/%d7%96%d7%94%d7%a8%d7%95%d7%9f/,listing,200,,2,y,0,
https://coralworld.co.il/tag/%D7%9E%D7%93%D7%95%D7%96%D7%95%D7%AA-%D7%A9%D7%99%D7%A8%D7%90%D7%9C/,https://coralworld.co.il/tag/%D7%9E%D7%93%D7%95%D7%96%D7%95%D7%AA-%D7%A9%D7%99%D7%A8%D7%90%D7%9C/,he,rtl,מדוזות שיראל | המצפה התת ימי,,,https://coralworld.co.il/tag/%d7%9e%d7%93%d7%95%d7%96%d7%95%d7%aa-%d7%a9%d7%99%d7%a8%d7%90%d7%9c/,listing,200,,2,y,0,
https://coralworld.co.il/tag/%D7%9E%D7%93%D7%95%D7%96%D7%95%D7%AA/,https://coralworld.co.il/tag/%D7%9E%D7%93%D7%95%D7%96%D7%95%D7%AA/,he,rtl,מדוזות | המצפה התת ימי,,,https://coralworld.co.il/tag/%d7%9e%d7%93%d7%95%d7%96%d7%95%d7%aa/,listing,200,,2,y,0,
https://coralworld.co.il/thank-you-page/,https://coralworld.co.il/thank-you-page/,he,rtl,Thank you page | המצפה התת ימי,,Thank you page,https://coralworld.co.il/thank-you-page/,form,200,,2,y,194,
https://coralworld.co.il/thank-you/,https://coralworld.co.il/thank-you/,he,rtl,תודה רבה על הרכישה | המצפה התת ימי,תודה רבה על הרכישה,תודה,https://coralworld.co.il/thank-you/,form,200,,2,y,9,
https://coralworld.co.il/the-tower/,https://coralworld.co.il/the-tower/,he,rtl,מגדל המצפה התת ימי היחיד מסוגו בעולם | המצפה התת ימי,"גלו מקרוב את סודות השונית! ""לצלול"" 6 מטרים לעומק הים ולצפות מקרוב במאות מיני דגים, אלמוגים וחסרי חוליות החיים בסביבתם הטבעית. לפרטים נוספים ותמונות מהמצפה התת ימי באילת >>",מגדל המצפה התת ימי,https://coralworld.co.il/the-tower/,form,200,,3,y,87,
https://coralworld.co.il/tickets/,https://coralworld.co.il/tickets/?step=1,he,rtl,רכישת כרטיסים | המצפה התת ימי,"הזמינו כרטיסים לאחת מהחבילות שלנו ובואו ליהנות מחוויה בלתי נשכחת. בדקו את החבילות שלנו, למשל: כניסה למצפה, כניסה לאקווה דום, כולל כוס קפה, ועוד!",רכישת כרטיסים,https://coralworld.co.il/tickets/,ticket,200,,3,y,386,
https://coralworld.co.il/tickets/?step=1,https://coralworld.co.il/tickets/?step=1,he,rtl,רכישת כרטיסים | המצפה התת ימי,"הזמינו כרטיסים לאחת מהחבילות שלנו ובואו ליהנות מחוויה בלתי נשכחת. בדקו את החבילות שלנו, למשל: כניסה למצפה, כניסה לאקווה דום, כולל כוס קפה, ועוד!",רכישת כרטיסים,https://coralworld.co.il/tickets/,ticket,200,,3,n,386,
https://coralworld.co.il/turtles/,https://coralworld.co.il/turtles/,he,rtl,בריכת צבים בפארק המצפה | המצפה התת ימי,"בריכת הצבים במצפה התת ימי - כשתראו את ראשם מבצבץ לפתע מתוך המים, תבינו מיד מדוע צבי הים - הענקים העדינים, הם בעלי חיים אהובים ומסקרנים כל כך!",בריכת הצבים,https://coralworld.co.il/turtles/,content,200,,3,y,550,
https://coralworld.co.il/turtles/%D7%A6%D7%91-%D7%99%D7%9D-%D7%A7%D7%A8%D7%A0%D7%99/,https://coralworld.co.il/turtles/%D7%A6%D7%91-%D7%99%D7%9D-%D7%A7%D7%A8%D7%A0%D7%99/,he,rtl,צב ים קרני | המצפה התת ימי,,,https://coralworld.co.il/turtles/%d7%a6%d7%91-%d7%99%d7%9d-%d7%a7%d7%a8%d7%a0%d7%99/,form,200,,3,y,0,
https://coralworld.co.il/turtles/%D7%A6%D7%A0%D7%99%D7%A0%D7%99%D7%AA/,https://coralworld.co.il/turtles/%D7%A6%D7%A0%D7%99%D7%A0%D7%99%D7%AA/,he,rtl,צנינית | המצפה התת ימי,,,https://coralworld.co.il/turtles/%d7%a6%d7%a0%d7%99%d7%a0%d7%99%d7%aa/,form,200,,3,y,0,
https://coralworld.co.il/turtles/457/,https://coralworld.co.il/turtles/457/,he,rtl,צב ים ירוק | המצפה התת ימי,,,https://coralworld.co.il/turtles/457/,form,200,,3,y,0,
https://coralworld.co.il/visit-park/,https://coralworld.co.il/visit-park/,he,rtl,ביקור בפארק המצפה התת ימי - אין צורך לשריין מקומות מראש! | המצפה התת ימי,הפארק פתוח מידי יום בין השעות 09:00 - 16:00 המבקר בפארק מוזמן לצפות בהאכלות בעלי החיים בתצוגות השונות ההאכלות מתקיימות מידי יום בשעות קבועות ומלוות בהסברים,,https://coralworld.co.il/visit-park/,content,200,,3,y,1563,
https://coralworld.co.il/it/category/non-categorizzato/,https://coralworld.co.il/it/category/non-categorizzato/,it,,,,,,error,0,,0,n,,"browserContext.newPage: Target page, context or browser has been closed"
https://coralworld.co.il/lv/category/uncategorized-lv/,https://coralworld.co.il/lv/category/uncategorized-lv/,lv,,,,,,error,0,,0,n,,"browserContext.newPage: Target page, context or browser has been closed"
https://coralworld.co.il/pl/category/bez-kategorii/,https://coralworld.co.il/pl/category/bez-kategorii/,pl,,,,,,error,0,,0,n,,"browserContext.newPage: Target page, context or browser has been closed"
https://coralworld.co.il/ru/category/%d0%b1%d0%b5%d0%b7-%d0%ba%d0%b0%d1%82%d0%b5%d0%b3%d0%be%d1%80%d0%b8%d0%b8/,https://coralworld.co.il/ru/category/%d0%b1%d0%b5%d0%b7-%d0%ba%d0%b0%d1%82%d0%b5%d0%b3%d0%be%d1%80%d0%b8%d0%b8/,ru,,,,,,error,0,,0,n,,"browserContext.newPage: Target page, context or browser has been closed"
https://coralworld.co.il/%d7%90%d7%98%d7%a8%d7%a7%d7%a6%d7%99%d7%95%d7%aa-%d7%9c%d7%99%d7%9c%d7%93%d7%99%d7%9d-%d7%91%d7%90%d7%99%d7%9c%d7%aa/,https://coralworld.co.il/%d7%90%d7%98%d7%a8%d7%a7%d7%a6%d7%99%d7%95%d7%aa-%d7%9c%d7%99%d7%9c%d7%93%d7%99%d7%9d-%d7%91%d7%90%d7%99%d7%9c%d7%aa/,und,,,,,,error,0,,0,n,,browserContext.cookies: Protocol error (Storage.getCookies): Failed to find browser context for id 76BD222ABBCC9DF7F8F895ED3D8050AC
https://coralworld.co.il/%d7%90%d7%99%d7%a8%d7%95%d7%97-%d7%a7%d7%91%d7%95%d7%a6%d7%95%d7%aa/,https://coralworld.co.il/%d7%90%d7%99%d7%a8%d7%95%d7%97-%d7%a7%d7%91%d7%95%d7%a6%d7%95%d7%aa/,und,,,,,,error,0,,0,n,,"browserContext.newPage: Target page, context or browser has been closed"
https://coralworld.co.il/%d7%90%d7%9c%d7%9e%d7%95%d7%92-%d7%95%d7%a9%d7%95%d7%a0%d7%99%d7%aa-%d7%94%d7%90%d7%9c%d7%9e%d7%95%d7%92%d7%99%d7%9d/,https://coralworld.co.il/%d7%90%d7%9c%d7%9e%d7%95%d7%92-%d7%95%d7%a9%d7%95%d7%a0%d7%99%d7%aa-%d7%94%d7%90%d7%9c%d7%9e%d7%95%d7%92%d7%99%d7%9d/,und,,,,,,error,0,,0,n,,"browserContext.newPage: Target page, context or browser has been closed"
https://coralworld.co.il/%d7%90%d7%9c%d7%9e%d7%95%d7%92/,https://coralworld.co.il/%d7%90%d7%9c%d7%9e%d7%95%d7%92/,und,,,,,,error,0,,0,n,,"browserContext.newPage: Target page, context or browser has been closed"
https://coralworld.co.il/%d7%90%d7%a7%d7%95%d7%9c%d7%95%d7%92%d7%99%d7%94-%d7%aa%d7%95%d7%a8%d7%aa-%d7%94%d7%a1%d7%91%d7%99%d7%91%d7%94/,https://coralworld.co.il/%d7%90%d7%a7%d7%95%d7%9c%d7%95%d7%92%d7%99%d7%94-%d7%aa%d7%95%d7%a8%d7%aa-%d7%94%d7%a1%d7%91%d7%99%d7%91%d7%94/,und,,,,,,error,0,,0,n,,"browserContext.newPage: Target page, context or browser has been closed"
https://coralworld.co.il/%d7%91%d7%98%d7%90%d7%99%d7%9d-batoidea/,https://coralworld.co.il/%d7%91%d7%98%d7%90%d7%99%d7%9d-batoidea/,und,,,,,,error,0,,0,n,,"browserContext.newPage: Target page, context or browser has been closed"
https://coralworld.co.il/%d7%91%d7%a2%d7%9c%d7%99-%d7%97%d7%99%d7%99%d7%9d-%d7%90%d7%a8%d7%a1%d7%99%d7%99%d7%9d-%d7%94%d7%a0%d7%a9%d7%a7-%d7%a9%d7%9c-%d7%94%d7%90%d7%99%d7%98%d7%99%d7%99%d7%9d/,https://coralworld.co.il/%d7%91%d7%a2%d7%9c%d7%99-%d7%97%d7%99%d7%99%d7%9d-%d7%90%d7%a8%d7%a1%d7%99%d7%99%d7%9d-%d7%94%d7%a0%d7%a9%d7%a7-%d7%a9%d7%9c-%d7%94%d7%90%d7%99%d7%98%d7%99%d7%99%d7%9d/,und,,,,,,error,0,,0,n,,"browserContext.newPage: Target page, context or browser has been closed"
https://coralworld.co.il/%d7%92%d7%99%d7%93%d7%95%d7%9c-%d7%95%d7%a9%d7%97%d7%a8%d7%95%d7%a8-%d7%a6%d7%91%d7%99-%d7%99%d7%9d-%d7%a7%d7%a8%d7%a0%d7%99%d7%99%d7%9d/,https://coralworld.co.il/%d7%92%d7%99%d7%93%d7%95%d7%9c-%d7%95%d7%a9%d7%97%d7%a8%d7%95%d7%a8-%d7%a6%d7%91%d7%99-%d7%99%d7%9d-%d7%a7%d7%a8%d7%a0%d7%99%d7%99%d7%9d/,und,,,,,,error,0,,0,n,,"browserContext.newPage: Target page, context or browser has been closed"
https://coralworld.co.il/%d7%93%d7%91%d7%a8%d7%99%d7%9d-%d7%a9%d7%a8%d7%95%d7%90%d7%99%d7%9d-%d7%9e%d7%9b%d7%90%d7%9f-%d7%9c%d7%90-%d7%a8%d7%95%d7%90%d7%99%d7%9d-%d7%9e%d7%a9%d7%9d/,https://coralworld.co.il/%d7%93%d7%91%d7%a8%d7%99%d7%9d-%d7%a9%d7%a8%d7%95%d7%90%d7%99%d7%9d-%d7%9e%d7%9b%d7%90%d7%9f-%d7%9c%d7%90-%d7%a8%d7%95%d7%90%d7%99%d7%9d-%d7%9e%d7%a9%d7%9d/,und,,,,,,error,0,,0,n,,"browserContext.newPage: Target page, context or browser has been closed"
https://coralworld.co.il/%d7%93%d7%99%d7%99%d7%a8%d7%aa-%d7%97%d7%93%d7%a9%d7%94-%d7%91%d7%91%d7%a8%d7%99%d7%9b%d7%aa-%d7%94%d7%9b%d7%a8%d7%99%d7%a9%d7%99%d7%9d/,https://coralworld.co.il/%d7%93%d7%99%d7%99%d7%a8%d7%aa-%d7%97%d7%93%d7%a9%d7%94-%d7%91%d7%91%d7%a8%d7%99%d7%9b%d7%aa-%d7%94%d7%9b%d7%a8%d7%99%d7%a9%d7%99%d7%9d/,und,,,,,,error,0,,0,n,,"browserContext.newPage: Target page, context or browser has been closed"
https://coralworld.co.il/%d7%93%d7%a0%d7%99-%d7%a7%d7%95%d7%a9%d7%9e%d7%a8%d7%95-%d7%91%d7%91%d7%a8%d7%99%d7%9b%d7%aa-%d7%94%d7%9b%d7%a8%d7%99%d7%a9%d7%99%d7%9d/,https://coralworld.co.il/%d7%93%d7%a0%d7%99-%d7%a7%d7%95%d7%a9%d7%9e%d7%a8%d7%95-%d7%91%d7%91%d7%a8%d7%99%d7%9b%d7%aa-%d7%94%d7%9b%d7%a8%d7%99%d7%a9%d7%99%d7%9d/,und,,,,,,error,0,,0,n,,"browserContext.newPage: Target page, context or browser has been closed"
https://coralworld.co.il/%d7%93%d7%a6%d7%9e%d7%91%d7%a8-%d7%a9%d7%9c-%d7%97%d7%95%d7%95%d7%99%d7%95%d7%aa-%d7%91%d7%9e%d7%a6%d7%a4%d7%94-%d7%94%d7%aa%d7%aa%d6%be%d7%99%d7%9e%d7%99-%d7%90%d7%99%d7%9c%d7%aa/,https://coralworld.co.il/%d7%93%d7%a6%d7%9e%d7%91%d7%a8-%d7%a9%d7%9c-%d7%97%d7%95%d7%95%d7%99%d7%95%d7%aa-%d7%91%d7%9e%d7%a6%d7%a4%d7%94-%d7%94%d7%aa%d7%aa%d6%be%d7%99%d7%9e%d7%99-%d7%90%d7%99%d7%9c%d7%aa/,und,,,,,,error,0,,0,n,,"browserContext.newPage: Target page, context or browser has been closed"
https://coralworld.co.il/%d7%93%d7%a8%d7%95%d7%a9%d7%99%d7%9d-%d7%9c%d7%97%d7%a0%d7%95%d7%aa-%d7%aa%d7%9b%d7%a9%d7%99%d7%98%d7%99%d7%9d/,https://coralworld.co.il/%d7%93%d7%a8%d7%95%d7%a9%d7%99%d7%9d-%d7%9c%d7%97%d7%a0%d7%95%d7%aa-%d7%aa%d7%9b%d7%a9%d7%99%d7%98%d7%99%d7%9d/,und,,,,,,error,0,,0,n,,"browserContext.newPage: Target page, context or browser has been closed"
https://coralworld.co.il/%d7%94%d7%95%d7%9c%d7%95%d7%92%d7%a8%d7%9e%d7%94/,https://coralworld.co.il/%d7%94%d7%95%d7%9c%d7%95%d7%92%d7%a8%d7%9e%d7%94/,und,,,,,,error,0,,0,n,,"browserContext.newPage: Target page, context or browser has been closed"
https://coralworld.co.il/%d7%94%d7%95%d7%a4%d7%a2%d7%95%d7%aa-%d7%95%d7%90%d7%99%d7%a8%d7%95%d7%a2%d7%99%d7%9d-%d7%9c%d7%99%d7%9c%d7%93%d7%99%d7%9d-%d7%95%d7%9e%d7%a9%d7%a4%d7%97%d7%95%d7%aa-%d7%91%d7%90%d7%99%d7%9c%d7%aa/,https://coralworld.co.il/%d7%94%d7%95%d7%a4%d7%a2%d7%95%d7%aa-%d7%95%d7%90%d7%99%d7%a8%d7%95%d7%a2%d7%99%d7%9d-%d7%9c%d7%99%d7%9c%d7%93%d7%99%d7%9d-%d7%95%d7%9e%d7%a9%d7%a4%d7%97%d7%95%d7%aa-%d7%91%d7%90%d7%99%d7%9c%d7%aa/,und,,,,,,error,0,,0,n,,"browserContext.newPage: Target page, context or browser has been closed"
https://coralworld.co.il/%d7%94%d7%96%d7%95%d7%92%d7%99%d7%95%d7%aa-%d7%94%d7%a0%d7%a6%d7%97%d7%99%d7%aa-%d7%a9%d7%9c-%d7%93%d7%92%d7%99-%d7%94%d7%a4%d7%a8%d7%a4%d7%a8%d7%95%d7%9f/,https://coralworld.co.il/%d7%94%d7%96%d7%95%d7%92%d7%99%d7%95%d7%aa-%d7%94%d7%a0%d7%a6%d7%97%d7%99%d7%aa-%d7%a9%d7%9c-%d7%93%d7%92%d7%99-%d7%94%d7%a4%d7%a8%d7%a4%d7%a8%d7%95%d7%9f/,und,,,,,,error,0,,0,n,,browserContext.cookies: Protocol error (Storage.getCookies): Failed to find browser context for id 76BD222ABBCC9DF7F8F895ED3D8050AC
https://coralworld.co.il/%d7%94%d7%97%d7%99%d7%99%d7%9d-%d7%91%d7%97%d7%95%d7%a9%d7%9a-%d7%9e%d7%aa%d7%a2%d7%95%d7%a8%d7%a8%d7%99%d7%9d-%d7%a9%d7%9b%d7%95%d7%9c%d7%9d-%d7%99%d7%a9%d7%a0%d7%99%d7%9d/,https://coralworld.co.il/%d7%94%d7%97%d7%99%d7%99%d7%9d-%d7%91%d7%97%d7%95%d7%a9%d7%9a-%d7%9e%d7%aa%d7%a2%d7%95%d7%a8%d7%a8%d7%99%d7%9d-%d7%a9%d7%9b%d7%95%d7%9c%d7%9d-%d7%99%d7%a9%d7%a0%d7%99%d7%9d/,und,,,,,,error,0,,0,n,,"browserContext.newPage: Target page, context or browser has been closed"
https://coralworld.co.il/%d7%94%d7%99%d7%a6%d7%95%d7%a8-%d7%94%d7%a9%d7%a7%d7%95%d7%a3-%d7%a9%d7%9e%d7%a6%d7%9c%d7%99%d7%97-%d7%9c%d7%a8%d7%aa%d7%a7-%d7%9e%d7%99%d7%9c%d7%99%d7%95%d7%a0%d7%99%d7%9d-%d7%91%d7%a8%d7%97%d7%91/,https://coralworld.co.il/%d7%94%d7%99%d7%a6%d7%95%d7%a8-%d7%94%d7%a9%d7%a7%d7%95%d7%a3-%d7%a9%d7%9e%d7%a6%d7%9c%d7%99%d7%97-%d7%9c%d7%a8%d7%aa%d7%a7-%d7%9e%d7%99%d7%9c%d7%99%d7%95%d7%a0%d7%99%d7%9d-%d7%91%d7%a8%d7%97%d7%91/,und,,,,,,error,0,,0,n,,"browserContext.newPage: Target page, context or browser has been closed"
https://coralworld.co.il/%d7%94%d7%9b%d7%a8%d7%99%d7%a9%d7%99%d7%9d-%d7%99%d7%95%d7%93%d7%a2%d7%99%d7%9d-%d7%a2%d7%9c%d7%99%d7%a0%d7%95-%d7%94%d7%9b%d7%95%d7%9c-%d7%a2%d7%95%d7%93-%d7%9c%d7%a4%d7%a0%d7%99-%d7%a9/,https://coralworld.co.il/%d7%94%d7%9b%d7%a8%d7%99%d7%a9%d7%99%d7%9d-%d7%99%d7%95%d7%93%d7%a2%d7%99%d7%9d-%d7%a2%d7%9c%d7%99%d7%a0%d7%95-%d7%94%d7%9b%d7%95%d7%9c-%d7%a2%d7%95%d7%93-%d7%9c%d7%a4%d7%a0%d7%99-%d7%a9/,und,,,,,,error,0,,0,n,,"browserContext.newPage: Target page, context or browser has been closed"
https://coralworld.co.il/%d7%94%d7%a0%d7%a8%d7%95%d7%aa-%d7%94%d7%9c%d7%9c%d7%95-%d7%a9%d7%90%d7%a0%d7%95-%d7%9e%d7%a8%d7%98%d7%99%d7%91%d7%99%d7%9d/,https://coralworld.co.il/%d7%94%d7%a0%d7%a8%d7%95%d7%aa-%d7%94%d7%9c%d7%9c%d7%95-%d7%a9%d7%90%d7%a0%d7%95-%d7%9e%d7%a8%d7%98%d7%99%d7%91%d7%99%d7%9d/,und,,,,,,error,0,,0,n,,"browserContext.newPage: Target page, context or browser has been closed"
https://coralworld.co.il/%d7%94%d7%a4%d7%95%d7%92%d7%94-%d7%97%d7%95%d7%95%d7%99%d7%99%d7%aa%d7%99%d7%aa-%d7%91%d7%9e%d7%a6%d7%a4%d7%94-%d7%94%d7%aa%d7%aa-%d7%99%d7%9e%d7%99-%d7%91%d7%90%d7%99%d7%9c%d7%aa/,https://coralworld.co.il/%d7%94%d7%a4%d7%95%d7%92%d7%94-%d7%97%d7%95%d7%95%d7%99%d7%99%d7%aa%d7%99%d7%aa-%d7%91%d7%9e%d7%a6%d7%a4%d7%94-%d7%94%d7%aa%d7%aa-%d7%99%d7%9e%d7%99-%d7%91%d7%90%d7%99%d7%9c%d7%aa/,und,,,,,,error,0,,0,n,,"browserContext.newPage: Target page, context or browser has been closed"
https://coralworld.co.il/%d7%94%d7%a4%d7%a0%d7%99%d7%a0%d7%92-%d7%97%d7%a0%d7%95%d7%9b%d7%94/,https://coralworld.co.il/%d7%94%d7%a4%d7%a0%d7%99%d7%a0%d7%92-%d7%97%d7%a0%d7%95%d7%9b%d7%94/,und,,,,,,error,0,,0,n,,"browserContext.newPage: Target page, context or browser has been closed"
https://coralworld.co.il/%d7%95%d7%a8%d7%99%d7%95%d7%9c%d7%94-%d7%9e%d7%a6%d7%98%d7%a8%d7%a4%d7%aa-%d7%9c%d7%91%d7%a8%d7%99%d7%9b%d7%aa-%d7%94%d7%9b%d7%a8%d7%99%d7%a9%d7%99%d7%9d/,https://coralworld.co.il/%d7%95%d7%a8%d7%99%d7%95%d7%9c%d7%94-%d7%9e%d7%a6%d7%98%d7%a8%d7%a4%d7%aa-%d7%9c%d7%91%d7%a8%d7%99%d7%9b%d7%aa-%d7%94%d7%9b%d7%a8%d7%99%d7%a9%d7%99%d7%9d/,und,,,,,,error,0,,0,n,,"browserContext.newPage: Target page, context or browser has been closed"
https://coralworld.co.il/%d7%96%d7%94%d7%a8%d7%95%d7%9f-%d7%90%d7%99%d7%9c%d7%aa%d7%99/,https://coralworld.co.il/%d7%96%d7%94%d7%a8%d7%95%d7%9f-%d7%90%d7%99%d7%9c%d7%aa%d7%99/,und,,,,,,error,0,,0,n,,"browserContext.newPage: Target page, context or browser has been closed"
https://coralworld.co.il/%d7%96%d7%94%d7%a8%d7%95%d7%9f-%d7%94%d7%93%d7%95%d7%a8-%d7%93%d7%92-%d7%9e%d7%9e%d7%a9%d7%a4%d7%97%d7%aa-%d7%94%d7%a2%d7%a7%d7%a8%d7%91%d7%a0%d7%95%d7%a0%d7%99%d7%99%d7%9d/,https://coralworld.co.il/%d7%96%d7%94%d7%a8%d7%95%d7%9f-%d7%94%d7%93%d7%95%d7%a8-%d7%93%d7%92-%d7%9e%d7%9e%d7%a9%d7%a4%d7%97%d7%aa-%d7%94%d7%a2%d7%a7%d7%a8%d7%91%d7%a0%d7%95%d7%a0%d7%99%d7%99%d7%9d/,und,,,,,,error,0,,0,n,,"browserContext.newPage: Target page, context or browser has been closed"
https://coralworld.co.il/%d7%97%d7%95%d7%93%d7%a9-%d7%91%d7%a2%d7%9c%d7%99-%d7%97%d7%99%d7%99%d7%9d-%d7%9e%d7%90%d7%99%d7%a8%d7%99%d7%9d/,https://coralworld.co.il/%d7%97%d7%95%d7%93%d7%a9-%d7%91%d7%a2%d7%9c%d7%99-%d7%97%d7%99%d7%99%d7%9d-%d7%9e%d7%90%d7%99%d7%a8%d7%99%d7%9d/,und,,,,,,error,0,,0,n,,browserContext.cookies: Protocol error (Storage.getCookies): Failed to find browser context for id 76BD222ABBCC9DF7F8F895ED3D8050AC
https://coralworld.co.il/%d7%97%d7%95%d7%93%d7%a9-%d7%94%d7%92%d7%90%d7%95%d7%95%d7%94/,https://coralworld.co.il/%d7%97%d7%95%d7%93%d7%a9-%d7%94%d7%92%d7%90%d7%95%d7%95%d7%94/,und,,,,,,error,0,,0,n,,"browserContext.newPage: Target page, context or browser has been closed"
https://coralworld.co.il/%d7%97%d7%95%d7%93%d7%a9-%d7%94%d7%9e%d7%93%d7%95%d7%96%d7%94/,https://coralworld.co.il/%d7%97%d7%95%d7%93%d7%a9-%d7%94%d7%9e%d7%93%d7%95%d7%96%d7%94/,und,,,,,,error,0,,0,n,,"browserContext.newPage: Target page, context or browser has been closed"
https://coralworld.co.il/%d7%97%d7%99%d7%9c%d7%95%d7%a5-%d7%9e%d7%95%d7%a8%d7%a0%d7%94-%d7%95%d7%98%d7%99%d7%a4%d7%95%d7%9c%d7%94/,https://coralworld.co.il/%d7%97%d7%99%d7%9c%d7%95%d7%a5-%d7%9e%d7%95%d7%a8%d7%a0%d7%94-%d7%95%d7%98%d7%99%d7%a4%d7%95%d7%9c%d7%94/,und,,,,,,error,0,,0,n,,"browserContext.newPage: Target page, context or browser has been closed"
https://coralworld.co.il/%d7%97%d7%a9%d7%99%d7%91%d7%95%d7%aa%d7%9d-%d7%a9%d7%9c-%d7%94%d7%a6%d7%91%d7%a2%d7%99%d7%9d-%d7%95%d7%94%d7%94%d7%a1%d7%95%d7%95%d7%90%d7%94-%d7%90%d7%a6%d7%9c-%d7%93%d7%92%d7%99%d7%9d/,https://coralworld.co.il/%d7%97%d7%a9%d7%99%d7%91%d7%95%d7%aa%d7%9d-%d7%a9%d7%9c-%d7%94%d7%a6%d7%91%d7%a2%d7%99%d7%9d-%d7%95%d7%94%d7%94%d7%a1%d7%95%d7%95%d7%90%d7%94-%d7%90%d7%a6%d7%9c-%d7%93%d7%92%d7%99%d7%9d/,und,,,,,,error,0,,0,n,,"browserContext.newPage: Target page, context or browser has been closed"
https://coralworld.co.il/%d7%98%d7%95%d7%91%d7%99%d7%9d-%d7%94%d7%a9%d7%a0%d7%99%d7%99%d7%9d-%d7%9e%d7%9f-%d7%94%d7%90%d7%97%d7%93/,https://coralworld.co.il/%d7%98%d7%95%d7%91%d7%99%d7%9d-%d7%94%d7%a9%d7%a0%d7%99%d7%99%d7%9d-%d7%9e%d7%9f-%d7%94%d7%90%d7%97%d7%93/,und,,,,,,error,0,,0,n,,"browserContext.newPage: Target page, context or browser has been closed"
https://coralworld.co.il/%d7%98%d7%99%d7%a4%d7%95%d7%9c-%d7%90%d7%a0%d7%98%d7%99%d7%91%d7%99%d7%95%d7%98%d7%99-%d7%9c%d7%a6%d7%91%d7%99%d7%9d-%d7%91%d7%a4%d7%90%d7%a8%d7%a7/,https://coralworld.co.il/%d7%98%d7%99%d7%a4%d7%95%d7%9c-%d7%90%d7%a0%d7%98%d7%99%d7%91%d7%99%d7%95%d7%98%d7%99-%d7%9c%d7%a6%d7%91%d7%99%d7%9d-%d7%91%d7%a4%d7%90%d7%a8%d7%a7/,und,,,,,,error,0,,0,n,,"browserContext.newPage: Target page, context or browser has been closed"
https://coralworld.co.il/%d7%98%d7%99%d7%a4%d7%95%d7%9c-%d7%91%d7%a6%d7%91%d7%99-%d7%94%d7%99%d7%9d-%d7%91%d7%9e%d7%a6%d7%a4%d7%94/,https://coralworld.co.il/%d7%98%d7%99%d7%a4%d7%95%d7%9c-%d7%91%d7%a6%d7%91%d7%99-%d7%94%d7%99%d7%9d-%d7%91%d7%9e%d7%a6%d7%a4%d7%94/,und,,,,,,error,0,,0,n,,"browserContext.newPage: Target page, context or browser has been closed"
https://coralworld.co.il/%d7%99%d7%9d-%d7%a9%d7%9c-%d7%a9%d7%90%d7%9c%d7%95%d7%aa/,https://coralworld.co.il/%d7%99%d7%9d-%d7%a9%d7%9c-%d7%a9%d7%90%d7%9c%d7%95%d7%aa/,und,,,,,,error,0,,0,n,,"browserContext.newPage: Target page, context or browser has been closed"
https://coralworld.co.il/%d7%9b%d7%95%d7%9b%d7%91%d7%99-%d7%99%d7%9d/,https://coralworld.co.il/%d7%9b%d7%95%d7%9b%d7%91%d7%99-%d7%99%d7%9d/,und,,,,,,error,0,,0,n,,"browserContext.newPage: Target page, context or browser has been closed"
https://coralworld.co.il/%d7%9b%d7%a8%d7%98%d7%99%d7%a1%d7%9f-%d7%99%d7%aa-%d7%9c%d7%9b%d7%a0%d7%99%d7%a1%d7%94-%d7%a8%d7%90%d7%a9%d7%99%d7%aa-2/,https://coralworld.co.il/%d7%9b%d7%a8%d7%98%d7%99%d7%a1%d7%9f-%d7%99%d7%aa-%d7%9c%d7%9b%d7%a0%d7%99%d7%a1%d7%94-%d7%a8%d7%90%d7%a9%d7%99%d7%aa-2/,und,,,,,,error,0,,0,n,,"browserContext.newPage: Target page, context or browser has been closed"
https://coralworld.co.il/%d7%9b%d7%a8%d7%98%d7%99%d7%a1%d7%9f-%d7%99%d7%aa-%d7%9c%d7%9b%d7%a0%d7%99%d7%a1%d7%94-%d7%a8%d7%90%d7%a9%d7%99%d7%aa/,https://coralworld.co.il/%d7%9b%d7%a8%d7%98%d7%99%d7%a1%d7%9f-%d7%99%d7%aa-%d7%9c%d7%9b%d7%a0%d7%99%d7%a1%d7%94-%d7%a8%d7%90%d7%a9%d7%99%d7%aa/,und,,,,,,error,0,,0,n,,"browserContext.newPage: Target page, context or browser has been closed"
https://coralworld.co.il/%d7%9b%d7%a8%d7%99%d7%a9-%d7%94%d7%96%d7%a0%d7%91%d7%aa%d7%9f-%d7%9e%d7%a0%d7%95%d7%9e%d7%a8/,https://coralworld.co.il/%d7%9b%d7%a8%d7%99%d7%a9-%d7%94%d7%96%d7%a0%d7%91%d7%aa%d7%9f-%d7%9e%d7%a0%d7%95%d7%9e%d7%a8/,und,,,,,,error,0,,0,n,,"browserContext.newPage: Target page, context or browser has been closed"
https://coralworld.co.il/%d7%9b%d7%a8%d7%99%d7%a9-%d7%a0%d7%9e%d7%a8/,https://coralworld.co.il/%d7%9b%d7%a8%d7%99%d7%a9-%d7%a0%d7%9e%d7%a8/,und,,,,,,error,0,,0,n,,"browserContext.newPage: Target page, context or browser has been closed"
https://coralworld.co.il/%d7%9b%d7%a8%d7%99%d7%a9-%d7%a1%d7%a0%d7%a4%d7%99%d7%a8%d7%aa%d7%9f-2/,https://coralworld.co.il/%d7%9b%d7%a8%d7%99%d7%a9-%d7%a1%d7%a0%d7%a4%d7%99%d7%a8%d7%aa%d7%9f-2/,und,,,,,,error,0,,0,n,,"browserContext.newPage: Target page, context or browser has been closed"
https://coralworld.co.il/%d7%9b%d7%a8%d7%99%d7%a9-%d7%a1%d7%a0%d7%a4%d7%99%d7%a8%d7%aa%d7%9f/,https://coralworld.co.il/%d7%9b%d7%a8%d7%99%d7%a9-%d7%a1%d7%a0%d7%a4%d7%99%d7%a8%d7%aa%d7%9f/,und,,,,,,error,0,,0,n,,"browserContext.newPage: Target page, context or browser has been closed"
https://coralworld.co.il/%d7%9b%d7%a8%d7%99%d7%a9-%d7%a9%d7%95%d7%a2%d7%9c/,https://coralworld.co.il/%d7%9b%d7%a8%d7%99%d7%a9-%d7%a9%d7%95%d7%a2%d7%9c/,und,,,,,,error,0,,0,n,,"browserContext.newPage: Target page, context or browser has been closed"
https://coralworld.co.il/%d7%9b%d7%a8%d7%99%d7%a9%d7%95%d7%9f-%d7%9e%d7%a9%d7%94/,https://coralworld.co.il/%d7%9b%d7%a8%d7%99%d7%a9%d7%95%d7%9f-%d7%9e%d7%a9%d7%94/,und,,,,,,error,0,,0,n,,"browserContext.newPage: Target page, context or browser has been closed"
https://coralworld.co.il/%d7%9b%d7%a8%d7%99%d7%a9%d7%99%d7%9d-2/,https://coralworld.co.il/%d7%9b%d7%a8%d7%99%d7%a9%d7%99%d7%9d-2/,und,,,,,,error,0,,0,n,,"browserContext.newPage: Target page, context or browser has been closed"
https://coralworld.co.il/%d7%9b%d7%a8%d7%99%d7%a9%d7%99%d7%9d/,https://coralworld.co.il/%d7%9b%d7%a8%d7%99%d7%a9%d7%99%d7%9d/,und,,,,,,error,0,,0,n,,"browserContext.newPage: Target page, context or browser has been closed"
https://coralworld.co.il/%d7%9b%d7%aa%d7%91%d7%95-%d7%a2%d7%9c%d7%99%d7%a0%d7%95-%d7%91%d7%aa%d7%a7%d7%a9%d7%95%d7%a8%d7%aa/,https://coralworld.co.il/%d7%9b%d7%aa%d7%91%d7%95-%d7%a2%d7%9c%d7%99%d7%a0%d7%95-%d7%91%d7%aa%d7%a7%d7%a9%d7%95%d7%a8%d7%aa/,und,,,,,,error,0,,0,n,,"browserContext.newPage: Target page, context or browser has been closed"
https://coralworld.co.il/%d7%9b%d7%aa%d7%91%d7%95%d7%aa/,https://coralworld.co.il/%d7%9b%d7%aa%d7%91%d7%95%d7%aa/,und,,,,,,error,0,,0,n,,"browserContext.newPage: Target page, context or browser has been closed"
https://coralworld.co.il/%d7%9c%d7%99%d7%a9%d7%95%d7%9f-%d7%9e%d7%aa%d7%97%d7%aa-%d7%9c%d7%9e%d7%99%d7%9d/,https://coralworld.co.il/%d7%9c%d7%99%d7%a9%d7%95%d7%9f-%d7%9e%d7%aa%d7%97%d7%aa-%d7%9c%d7%9e%d7%99%d7%9d/,und,,,,,,error,0,,0,n,,"browserContext.newPage: Target page, context or browser has been closed"
https://coralworld.co.il/%d7%9c%d7%a4%d7%a2%d7%9e%d7%99%d7%9d-%d7%97%d7%9c%d7%95%d7%9e%d7%95%d7%aa-%d7%9e%d7%aa%d7%92%d7%a9%d7%9e%d7%99%d7%9d/,https://coralworld.co.il/%d7%9c%d7%a4%d7%a2%d7%9e%d7%99%d7%9d-%d7%97%d7%9c%d7%95%d7%9e%d7%95%d7%aa-%d7%9e%d7%aa%d7%92%d7%a9%d7%9e%d7%99%d7%9d/,und,,,,,,error,0,,0,n,,"browserContext.newPage: Target page, context or browser has been closed"
https://coralworld.co.il/%d7%9e%d7%91%d7%a6%d7%a2-%d7%a0%d7%99%d7%a7%d7%99%d7%95%d7%9f-%d7%a8%d7%a9%d7%aa%d7%95%d7%aa-%d7%93%d7%99%d7%99%d7%92/,https://coralworld.co.il/%d7%9e%d7%91%d7%a6%d7%a2-%d7%a0%d7%99%d7%a7%d7%99%d7%95%d7%9f-%d7%a8%d7%a9%d7%aa%d7%95%d7%aa-%d7%93%d7%99%d7%99%d7%92/,und,,,,,,error,0,,0,n,,"browserContext.newPage: Target page, context or browser has been closed"
https://coralworld.co.il/%d7%9e%d7%93%d7%95%d7%96%d7%95%d7%aa/,https://coralworld.co.il/%d7%9e%d7%93%d7%95%d7%96%d7%95%d7%aa/,und,,,,,,error,0,,0,n,,"browserContext.newPage: Target page, context or browser has been closed"
https://coralworld.co.il/%d7%9e%d7%97%d7%9c%d7%a7%d7%aa-%d7%90%d7%97%d7%96%d7%a7%d7%94-%d7%a2%d7%95%d7%91%d7%93-%d7%a0%d7%99%d7%a7%d7%99%d7%95%d7%9f/,https://coralworld.co.il/%d7%9e%d7%97%d7%9c%d7%a7%d7%aa-%d7%90%d7%97%d7%96%d7%a7%d7%94-%d7%a2%d7%95%d7%91%d7%93-%d7%a0%d7%99%d7%a7%d7%99%d7%95%d7%9f/,und,,,,,,error,0,,0,n,,"browserContext.newPage: Target page, context or browser has been closed"
https://coralworld.co.il/%d7%9e%d7%97%d7%9c%d7%a7%d7%aa-%d7%90%d7%97%d7%96%d7%a7%d7%94/,https://coralworld.co.il/%d7%9e%d7%97%d7%9c%d7%a7%d7%aa-%d7%90%d7%97%d7%96%d7%a7%d7%94/,und,,,,,,error,0,,0,n,,"browserContext.newPage: Target page, context or browser has been closed"
https://coralworld.co.il/%d7%9e%d7%97%d7%9c%d7%a7%d7%aa-%d7%9e%d7%96%d7%95%d7%9f-%d7%95%d7%9e%d7%a9%d7%a7%d7%90%d7%95%d7%aa-%d7%a2%d7%95%d7%91%d7%93-%d7%93%d7%9c%d7%a4%d7%a7/,https://coralworld.co.il/%d7%9e%d7%97%d7%9c%d7%a7%d7%aa-%d7%9e%d7%96%d7%95%d7%9f-%d7%95%d7%9e%d7%a9%d7%a7%d7%90%d7%95%d7%aa-%d7%a2%d7%95%d7%91%d7%93-%d7%93%d7%9c%d7%a4%d7%a7/,und,,,,,,error,0,,0,n,,"browserContext.newPage: Target page, context or browser has been closed"
https://coralworld.co.il/%d7%9e%d7%97%d7%9c%d7%a7%d7%aa-%d7%9e%d7%96%d7%95%d7%9f-%d7%95%d7%9e%d7%a9%d7%a7%d7%90%d7%95%d7%aa-%d7%a2%d7%95%d7%91%d7%93-%d7%aa-%d7%a0%d7%99%d7%a7%d7%99%d7%95%d7%9f/,https://coralworld.co.il/%d7%9e%d7%97%d7%9c%d7%a7%d7%aa-%d7%9e%d7%96%d7%95%d7%9f-%d7%95%d7%9e%d7%a9%d7%a7%d7%90%d7%95%d7%aa-%d7%a2%d7%95%d7%91%d7%93-%d7%aa-%d7%a0%d7%99%d7%a7%d7%99%d7%95%d7%9f/,und,,,,,,error,0,,0,n,,"browserContext.newPage: Target page, context or browser has been closed"
https://coralworld.co.il/%d7%9e%d7%99-%d7%90%d7%a0%d7%99/,https://coralworld.co.il/%d7%9e%d7%99-%d7%90%d7%a0%d7%99/,und,,,,,,error,0,,0,n,,browserContext.cookies: Protocol error (Storage.getCookies): Failed to find browser context for id 76BD222ABBCC9DF7F8F895ED3D8050AC
https://coralworld.co.il/%d7%9e%d7%99-%d7%90%d7%aa%d7%9f-%d7%9e%d7%93%d7%95%d7%96%d7%95%d7%aa-%d7%99%d7%a9%d7%a8%d7%90%d7%9c/,https://coralworld.co.il/%d7%9e%d7%99-%d7%90%d7%aa%d7%9f-%d7%9e%d7%93%d7%95%d7%96%d7%95%d7%aa-%d7%99%d7%a9%d7%a8%d7%90%d7%9c/,und,,,,,,error,0,,0,n,,"browserContext.newPage: Target page, context or browser has been closed"
https://coralworld.co.il/%d7%9e%d7%9c%d7%a4%d7%a4%d7%95%d7%a0%d7%99-%d7%99%d7%9d/,https://coralworld.co.il/%d7%9e%d7%9c%d7%a4%d7%a4%d7%95%d7%a0%d7%99-%d7%99%d7%9d/,und,,,,,,error,0,,0,n,,"browserContext.newPage: Target page, context or browser has been closed"
https://coralworld.co.il/%d7%9e%d7%a9%d7%a4%d7%97%d7%aa-%d7%94%d7%90%d7%91%d7%a0%d7%95%d7%a0%d7%99%d7%99%d7%9d/,https://coralworld.co.il/%d7%9e%d7%a9%d7%a4%d7%97%d7%aa-%d7%94%d7%90%d7%91%d7%a0%d7%95%d7%a0%d7%99%d7%99%d7%9d/,und,,,,,,error,0,,0,n,,"browserContext.newPage: Target page, context or browser has been closed"
https://coralworld.co.il/%d7%9e%d7%a9%d7%a4%d7%97%d7%aa-%d7%94%d7%90%d7%a0%d7%98%d7%a0%d7%a8%d7%99%d7%99%d7%9d/,https://coralworld.co.il/%d7%9e%d7%a9%d7%a4%d7%97%d7%aa-%d7%94%d7%90%d7%a0%d7%98%d7%a0%d7%a8%d7%99%d7%99%d7%9d/,und,,,,,,error,0,,0,n,,"browserContext.newPage: Target page, context or browser has been closed"
https://coralworld.co.il/%d7%9e%d7%a9%d7%a4%d7%97%d7%aa-%d7%94%d7%91%d7%aa%d7%a8%d7%a0%d7%99%d7%99%d7%9d/,https://coralworld.co.il/%d7%9e%d7%a9%d7%a4%d7%97%d7%aa-%d7%94%d7%91%d7%aa%d7%a8%d7%a0%d7%99%d7%99%d7%9d/,und,,,,,,error,0,,0,n,,"browserContext.newPage: Target page, context or browser has been closed"
https://coralworld.co.il/%d7%9e%d7%a9%d7%a4%d7%97%d7%aa-%d7%94%d7%a0%d7%a4%d7%95%d7%97%d7%99%d7%aa%d7%99%d7%99%d7%9d-%d7%90%d7%91%d7%95-%d7%a0%d7%a4%d7%97%d7%90/,https://coralworld.co.il/%d7%9e%d7%a9%d7%a4%d7%97%d7%aa-%d7%94%d7%a0%d7%a4%d7%95%d7%97%d7%99%d7%aa%d7%99%d7%99%d7%9d-%d7%90%d7%91%d7%95-%d7%a0%d7%a4%d7%97%d7%90/,und,,,,,,error,0,,0,n,,"browserContext.newPage: Target page, context or browser has been closed"
https://coralworld.co.il/%d7%9e%d7%a9%d7%a4%d7%97%d7%aa-%d7%94%d7%a0%d7%a6%d7%a8%d7%a0%d7%99%d7%99%d7%9d/,https://coralworld.co.il/%d7%9e%d7%a9%d7%a4%d7%97%d7%aa-%d7%94%d7%a0%d7%a6%d7%a8%d7%a0%d7%99%d7%99%d7%9d/,und,,,,,,error,0,,0,n,,"browserContext.newPage: Target page, context or browser has been closed"
https://coralworld.co.il/%d7%9e%d7%a9%d7%a4%d7%97%d7%aa-%d7%94%d7%a4%d7%a8%d7%a4%d7%a8%d7%95%d7%a0%d7%99%d7%99%d7%9d/,https://coralworld.co.il/%d7%9e%d7%a9%d7%a4%d7%97%d7%aa-%d7%94%d7%a4%d7%a8%d7%a4%d7%a8%d7%95%d7%a0%d7%99%d7%99%d7%9d/,und,,,,,,error,0,,0,n,,"browserContext.newPage: Target page, context or browser has been closed"
https://coralworld.co.il/%d7%9e%d7%a9%d7%a4%d7%97%d7%aa-%d7%94%d7%a7%d7%95%d7%a4%d7%a1%d7%99%d7%a0%d7%95%d7%a0%d7%99%d7%99%d7%9d/,https://coralworld.co.il/%d7%9e%d7%a9%d7%a4%d7%97%d7%aa-%d7%94%d7%a7%d7%95%d7%a4%d7%a1%d7%99%d7%a0%d7%95%d7%a0%d7%99%d7%99%d7%9d/,und,,,,,,error,0,,0,n,,"browserContext.newPage: Target page, context or browser has been closed"
https://coralworld.co.il/%d7%9e%d7%a9%d7%a4%d7%97%d7%aa-%d7%94%d7%a9%d7%a4%d7%aa%d7%a0%d7%99%d7%99%d7%9d/,https://coralworld.co.il/%d7%9e%d7%a9%d7%a4%d7%97%d7%aa-%d7%94%d7%a9%d7%a4%d7%aa%d7%a0%d7%99%d7%99%d7%9d/,und,,,,,,error,0,,0,n,,"browserContext.newPage: Target page, context or browser has been closed"
https://coralworld.co.il/%d7%9e%d7%a9%d7%a4%d7%97%d7%aa-%d7%94%d7%aa%d7%95%d7%9b%d7%99%d7%a0%d7%95%d7%a0%d7%99%d7%99%d7%9d/,https://coralworld.co.il/%d7%9e%d7%a9%d7%a4%d7%97%d7%aa-%d7%94%d7%aa%d7%95%d7%9b%d7%99%d7%a0%d7%95%d7%a0%d7%99%d7%99%d7%9d/,und,,,,,,error,0,,0,n,,"browserContext.newPage: Target page, context or browser has been closed"
https://coralworld.co.il/%d7%a1%d7%95%d7%a1%d7%95%d7%9f-%d7%94%d7%99%d7%9d/,https://coralworld.co.il/%d7%a1%d7%95%d7%a1%d7%95%d7%9f-%d7%94%d7%99%d7%9d/,und,,,,,,error,0,,0,n,,"browserContext.newPage: Target page, context or browser has been closed"
https://coralworld.co.il/%d7%a1%d7%95%d7%a1%d7%95%d7%a0%d7%99-%d7%99%d7%9d-%d7%9e%d7%a9%d7%a4%d7%97%d7%aa-%d7%94%d7%90%d7%91%d7%95%d7%91%d7%95%d7%a0%d7%99%d7%99%d7%9d/,https://coralworld.co.il/%d7%a1%d7%95%d7%a1%d7%95%d7%a0%d7%99-%d7%99%d7%9d-%d7%9e%d7%a9%d7%a4%d7%97%d7%aa-%d7%94%d7%90%d7%91%d7%95%d7%91%d7%95%d7%a0%d7%99%d7%99%d7%9d/,und,,,,,,error,0,,0,n,,"browserContext.newPage: Target page, context or browser has been closed"
https://coralworld.co.il/%d7%a1%d7%95%d7%a1%d7%95%d7%a0%d7%99-%d7%99%d7%9d/,https://coralworld.co.il/%d7%a1%d7%95%d7%a1%d7%95%d7%a0%d7%99-%d7%99%d7%9d/,und,,,,,,error,0,,0,n,,"browserContext.newPage: Target page, context or browser has been closed"
https://coralworld.co.il/%d7%a1%d7%99%d7%95%d7%a8-%d7%97%d7%95%d7%95%d7%99%d7%aa%d7%99/,https://coralworld.co.il/%d7%a1%d7%99%d7%95%d7%a8-%d7%97%d7%95%d7%95%d7%99%d7%aa%d7%99/,und,,,,,,error,0,,0,n,,"browserContext.newPage: Target page, context or browser has been closed"
https://coralworld.co.il/%d7%a1%d7%99%d7%95%d7%a8-%d7%9e%d7%a8%d7%94%d7%99%d7%91-%d7%91%d7%9e%d7%a6%d7%a4%d7%94-%d7%94%d7%aa%d7%aa-%d7%99%d7%9e%d7%99/,https://coralworld.co.il/%d7%a1%d7%99%d7%95%d7%a8-%d7%9e%d7%a8%d7%94%d7%99%d7%91-%d7%91%d7%9e%d7%a6%d7%a4%d7%94-%d7%94%d7%aa%d7%aa-%d7%99%d7%9e%d7%99/,und,,,,,,error,0,,0,n,,"browserContext.newPage: Target page, context or browser has been closed"
https://coralworld.co.il/%d7%a1%d7%99%d7%9e%d7%91%d7%99%d7%95%d7%96%d7%94-%d7%97%d7%99%d7%99-%d7%a9%d7%99%d7%aa%d7%95%d7%a3/,https://coralworld.co.il/%d7%a1%d7%99%d7%9e%d7%91%d7%99%d7%95%d7%96%d7%94-%d7%97%d7%99%d7%99-%d7%a9%d7%99%d7%aa%d7%95%d7%a3/,und,,,,,,error,0,,0,n,,"browserContext.newPage: Target page, context or browser has been closed"
https://coralworld.co.il/%d7%a1%d7%9c%d7%99%d7%9c%d7%95%d7%a0%d7%99%d7%aa-%d7%a2%d7%a0%d7%a7/,https://coralworld.co.il/%d7%a1%d7%9c%d7%99%d7%9c%d7%95%d7%a0%d7%99%d7%aa-%d7%a2%d7%a0%d7%a7/,und,,,,,,error,0,,0,n,,"browserContext.newPage: Target page, context or browser has been closed"
https://coralworld.co.il/%d7%a2%d7%9e%d7%95%d7%93-%d7%94%d7%91%d7%99%d7%aa/,https://coralworld.co.il/%d7%a2%d7%9e%d7%95%d7%93-%d7%94%d7%91%d7%99%d7%aa/,und,,,,,,error,0,,0,n,,"browserContext.newPage: Target page, context or browser has been closed"
https://coralworld.co.il/%d7%a2%d7%a9%d7%a8%d7%aa-%d7%94%d7%a1%d7%a0%d7%98%d7%99%d7%9e%d7%98%d7%a8%d7%99%d7%9d-%d7%94%d7%a8%d7%90%d7%a9%d7%95%d7%a0%d7%99%d7%9d/,https://coralworld.co.il/%d7%a2%d7%a9%d7%a8%d7%aa-%d7%94%d7%a1%d7%a0%d7%98%d7%99%d7%9e%d7%98%d7%a8%d7%99%d7%9d-%d7%94%d7%a8%d7%90%d7%a9%d7%95%d7%a0%d7%99%d7%9d/,und,,,,,,error,0,,0,n,,"browserContext.newPage: Target page, context or browser has been closed"
https://coralworld.co.il/%d7%a4%d7%9c%d7%a0%d7%a7%d7%98%d7%95%d7%9f-%d7%94%d7%99%d7%a6%d7%95%d7%a8%d7%99%d7%9d-%d7%94%d7%a8%d7%95%d7%97%d7%a4%d7%99%d7%9d-%d7%91%d7%9e%d7%99%d7%9d-%d7%9c%d7%9c%d7%90-%d7%99%d7%9b%d7%95%d7%9c/,https://coralworld.co.il/%d7%a4%d7%9c%d7%a0%d7%a7%d7%98%d7%95%d7%9f-%d7%94%d7%99%d7%a6%d7%95%d7%a8%d7%99%d7%9d-%d7%94%d7%a8%d7%95%d7%97%d7%a4%d7%99%d7%9d-%d7%91%d7%9e%d7%99%d7%9d-%d7%9c%d7%9c%d7%90-%d7%99%d7%9b%d7%95%d7%9c/,und,,,,,,error,0,,0,n,,"browserContext.newPage: Target page, context or browser has been closed"
https://coralworld.co.il/%d7%a4%d7%a1%d7%97-%d7%91%d7%9e%d7%a6%d7%a4%d7%94-%d7%94%d7%aa%d7%aa-%d7%99%d7%9e%d7%99/,https://coralworld.co.il/%d7%a4%d7%a1%d7%97-%d7%91%d7%9e%d7%a6%d7%a4%d7%94-%d7%94%d7%aa%d7%aa-%d7%99%d7%9e%d7%99/,und,,,,,,error,0,,0,n,,"browserContext.newPage: Target page, context or browser has been closed"
https://coralworld.co.il/%D7%A4%D7%A2%D7%99%D7%9C%D7%95%D7%99%D7%95%D7%AA-%D7%A7%D7%99%D7%A5/,https://coralworld.co.il/%D7%A4%D7%A2%D7%99%D7%9C%D7%95%D7%99%D7%95%D7%AA-%D7%A7%D7%99%D7%A5/,und,,,,,,error,0,,0,n,,"browserContext.newPage: Target page, context or browser has been closed"
https://coralworld.co.il/%d7%a4%d7%a8%d7%a4%d7%a8%d7%95%d7%a0%d7%99%d7%9d/,https://coralworld.co.il/%d7%a4%d7%a8%d7%a4%d7%a8%d7%95%d7%a0%d7%99%d7%9d/,und,,,,,,error,0,,0,n,,"browserContext.newPage: Target page, context or browser has been closed"
https://coralworld.co.il/%d7%a4%d7%a8%d7%a4%d7%a8%d7%99%d7%9d-%d7%9c%d7%90-%d7%aa%d7%9e%d7%99%d7%93-%d7%9e%d7%aa%d7%94%d7%95%d7%9c%d7%9c%d7%99%d7%9d/,https://coralworld.co.il/%d7%a4%d7%a8%d7%a4%d7%a8%d7%99%d7%9d-%d7%9c%d7%90-%d7%aa%d7%9e%d7%99%d7%93-%d7%9e%d7%aa%d7%94%d7%95%d7%9c%d7%9c%d7%99%d7%9d/,und,,,,,,error,0,,0,n,,"browserContext.newPage: Target page, context or browser has been closed"
https://coralworld.co.il/%d7%a6%d7%91-%d7%94%d7%99%d7%9d/,https://coralworld.co.il/%d7%a6%d7%91-%d7%94%d7%99%d7%9d/,und,,,,,,error,0,,0,n,,"browserContext.newPage: Target page, context or browser has been closed"
https://coralworld.co.il/%d7%a6%d7%91-%d7%99%d7%9d-%d7%99%d7%a8%d7%95%d7%a7/,https://coralworld.co.il/%d7%a6%d7%91-%d7%99%d7%9d-%d7%99%d7%a8%d7%95%d7%a7/,und,,,,,,error,0,,0,n,,"browserContext.newPage: Target page, context or browser has been closed"
https://coralworld.co.il/%d7%a6%d7%91-%d7%99%d7%9d-%d7%a7%d7%a8%d7%a0%d7%99-2/,https://coralworld.co.il/%d7%a6%d7%91-%d7%99%d7%9d-%d7%a7%d7%a8%d7%a0%d7%99-2/,und,,,,,,error,0,,0,n,,"browserContext.newPage: Target page, context or browser has been closed"
https://coralworld.co.il/%d7%a6%d7%91-%d7%99%d7%9d-%d7%a7%d7%a8%d7%a0%d7%99/,https://coralworld.co.il/%d7%a6%d7%91-%d7%99%d7%9d-%d7%a7%d7%a8%d7%a0%d7%99/,und,,,,,,error,0,,0,n,,"browserContext.newPage: Target page, context or browser has been closed"
https://coralworld.co.il/%d7%a6%d7%91-%d7%99%d7%9d/,https://coralworld.co.il/%d7%a6%d7%91-%d7%99%d7%9d/,und,,,,,,error,0,,0,n,,"browserContext.newPage: Target page, context or browser has been closed"
https://coralworld.co.il/%d7%a6%d7%95%d7%95%d7%aa-%d7%94%d7%93%d7%a8%d7%9b%d7%94/,https://coralworld.co.il/%d7%a6%d7%95%d7%95%d7%aa-%d7%94%d7%93%d7%a8%d7%9b%d7%94/,und,,,,,,error,0,,0,n,,"browserContext.newPage: Target page, context or browser has been closed"
https://coralworld.co.il/%d7%a6%d7%95%d7%95%d7%aa-%d7%a6%d7%95%d7%9c%d7%9c%d7%99%d7%9d/,https://coralworld.co.il/%d7%a6%d7%95%d7%95%d7%aa-%d7%a6%d7%95%d7%9c%d7%9c%d7%99%d7%9d/,und,,,,,,error,0,,0,n,,"browserContext.newPage: Target page, context or browser has been closed"
https://coralworld.co.il/%d7%a6%d7%99%d7%a4%d7%94-%d7%9e%d7%aa%d7%97%d7%aa-%d7%9c%d7%9e%d7%99%d7%9d/,https://coralworld.co.il/%d7%a6%d7%99%d7%a4%d7%94-%d7%9e%d7%aa%d7%97%d7%aa-%d7%9c%d7%9e%d7%99%d7%9d/,und,,,,,,error,0,,0,n,,"browserContext.newPage: Target page, context or browser has been closed"
https://coralworld.co.il/%d7%a6%d7%9c%d7%95%d7%9c/,https://coralworld.co.il/%d7%a6%d7%9c%d7%95%d7%9c/,und,,,,,,error,0,,0,n,,"browserContext.newPage: Target page, context or browser has been closed"
https://coralworld.co.il/%d7%a6%d7%9c%d7%95%d7%a4%d7%97%d7%99%d7%9d/,https://coralworld.co.il/%d7%a6%d7%9c%d7%95%d7%a4%d7%97%d7%99%d7%9d/,und,,,,,,error,0,,0,n,,"browserContext.newPage: Target page, context or browser has been closed"
https://coralworld.co.il/%d7%a6%d7%9e%d7%97%d7%99%d7%9d-%d7%91%d7%99%d7%9d/,https://coralworld.co.il/%d7%a6%d7%9e%d7%97%d7%99%d7%9d-%d7%91%d7%99%d7%9d/,und,,,,,,error,0,,0,n,,"browserContext.newPage: Target page, context or browser has been closed"
https://coralworld.co.il/%d7%a7%d7%99%d7%a0%d7%95%d7%9f-%d7%9b%d7%a8%d7%99%d7%a9-%d7%99%d7%90%d7%92%d7%95-%d7%94%d7%9e%d7%a2%d7%9e%d7%a7%d7%99%d7%9d/,https://coralworld.co.il/%d7%a7%d7%99%d7%a0%d7%95%d7%9f-%d7%9b%d7%a8%d7%99%d7%a9-%d7%99%d7%90%d7%92%d7%95-%d7%94%d7%9e%d7%a2%d7%9e%d7%a7%d7%99%d7%9d/,und,,,,,,error,0,,0,n,,"browserContext.newPage: Target page, context or browser has been closed"
https://coralworld.co.il/%d7%a7%d7%99%d7%a4%d7%95%d7%93%d7%99-%d7%94%d7%99%d7%9d/,https://coralworld.co.il/%d7%a7%d7%99%d7%a4%d7%95%d7%93%d7%99-%d7%94%d7%99%d7%9d/,und,,,,,,error,0,,0,n,,"browserContext.newPage: Target page, context or browser has been closed"
https://coralworld.co.il/%d7%a7%d7%a6%d7%aa-%d7%a2%d7%9c-%d7%9e%d7%93%d7%95%d7%96%d7%95%d7%aa/,https://coralworld.co.il/%d7%a7%d7%a6%d7%aa-%d7%a2%d7%9c-%d7%9e%d7%93%d7%95%d7%96%d7%95%d7%aa/,und,,,,,,error,0,,0,n,,"browserContext.newPage: Target page, context or browser has been closed"
https://coralworld.co.il/%d7%a8%d7%91%d7%99%d7%99%d7%94-%d7%95%d7%94%d7%a9%d7%91%d7%aa-%d7%a6%d7%91%d7%99-%d7%99%d7%9d/,https://coralworld.co.il/%d7%a8%d7%91%d7%99%d7%99%d7%94-%d7%95%d7%94%d7%a9%d7%91%d7%aa-%d7%a6%d7%91%d7%99-%d7%99%d7%9d/,und,,,,,,error,0,,0,n,,"browserContext.newPage: Target page, context or browser has been closed"
https://coralworld.co.il/%d7%a8%d7%99%d7%a7%d7%95%d7%93-%d7%a8%d7%98%d7%95%d7%91-%d7%9e%d7%97%d7%95%d7%9c-%d7%a8%d7%98%d7%95%d7%91-%d7%9e%d7%a6%d7%99%d7%9c-%d7%9e%d7%9e%d7%95%d7%95%d7%aa/,https://coralworld.co.il/%d7%a8%d7%99%d7%a7%d7%95%d7%93-%d7%a8%d7%98%d7%95%d7%91-%d7%9e%d7%97%d7%95%d7%9c-%d7%a8%d7%98%d7%95%d7%91-%d7%9e%d7%a6%d7%99%d7%9c-%d7%9e%d7%9e%d7%95%d7%95%d7%aa/,und,,,,,,error,0,,0,n,,"browserContext.newPage: Target page, context or browser has been closed"
https://coralworld.co.il/%d7%a8%d7%a7%d7%93%d7%a0%d7%99%d7%aa-%d7%a1%d7%a4%d7%a8%d7%93%d7%99%d7%99%d7%94/,https://coralworld.co.il/%d7%a8%d7%a7%d7%93%d7%a0%d7%99%d7%aa-%d7%a1%d7%a4%d7%a8%d7%93%d7%99%d7%99%d7%94/,und,,,,,,error,0,,0,n,,"browserContext.newPage: Target page, context or browser has been closed"
https://coralworld.co.il/%d7%a9%d7%95%d7%a0%d7%99%d7%aa-%d7%94%d7%90%d7%9c%d7%9e%d7%95%d7%92%d7%99%d7%9d/,https://coralworld.co.il/%d7%a9%d7%95%d7%a0%d7%99%d7%aa-%d7%94%d7%90%d7%9c%d7%9e%d7%95%d7%92%d7%99%d7%9d/,und,,,,,,error,0,,0,n,,"browserContext.newPage: Target page, context or browser has been closed"
https://coralworld.co.il/%d7%a9%d7%97%d7%a8%d7%95%d7%a8-%d7%93%d7%99%d7%95%d7%a0%d7%95%d7%a0%d7%99%d7%9d-%d7%9c%d7%99%d7%9d-%d7%94%d7%a4%d7%aa%d7%95%d7%97/,https://coralworld.co.il/%d7%a9%d7%97%d7%a8%d7%95%d7%a8-%d7%93%d7%99%d7%95%d7%a0%d7%95%d7%a0%d7%99%d7%9d-%d7%9c%d7%99%d7%9d-%d7%94%d7%a4%d7%aa%d7%95%d7%97/,und,,,,,,error,0,,0,n,,"browserContext.newPage: Target page, context or browser has been closed"
https://coralworld.co.il/%d7%a9%d7%99%d7%9e%d7%99-%d7%9e%d7%94%d7%90%d7%97-%d7%94%d7%92%d7%93%d7%95%d7%9c/,https://coralworld.co.il/%d7%a9%d7%99%d7%9e%d7%99-%d7%9e%d7%94%d7%90%d7%97-%d7%94%d7%92%d7%93%d7%95%d7%9c/,und,,,,,,error,0,,0,n,,"browserContext.newPage: Target page, context or browser has been closed"
https://coralworld.co.il/%d7%a9%d7%99%d7%a7%d7%95%d7%9d-%d7%90%d7%9c%d7%9e%d7%95%d7%92%d7%99%d7%9d/,https://coralworld.co.il/%d7%a9%d7%99%d7%a7%d7%95%d7%9d-%d7%90%d7%9c%d7%9e%d7%95%d7%92%d7%99%d7%9d/,und,,,,,,error,0,,0,n,,"browserContext.newPage: Target page, context or browser has been closed"
https://coralworld.co.il/%d7%a9%d7%a4%d7%9c-%d7%97%d7%a8%d7%99%d7%92-%d7%9c%d7%97%d7%95%d7%a4%d7%99-%d7%9e%d7%a4%d7%a8%d7%a5-%d7%90%d7%99%d7%9c%d7%aa/,https://coralworld.co.il/%d7%a9%d7%a4%d7%9c-%d7%97%d7%a8%d7%99%d7%92-%d7%9c%d7%97%d7%95%d7%a4%d7%99-%d7%9e%d7%a4%d7%a8%d7%a5-%d7%90%d7%99%d7%9c%d7%aa/,und,,,,,,error,0,,0,n,,"browserContext.newPage: Target page, context or browser has been closed"
https://coralworld.co.il/%d7%aa%d7%9c%d7%9e%d7%99%d7%93%d7%99%d7%9d-%d7%9c%d7%95%d7%9e%d7%93%d7%99%d7%9d-%d7%a2%d7%9c-%d7%a6%d7%91%d7%99-%d7%94%d7%99%d7%9d/,https://coralworld.co.il/%d7%aa%d7%9c%d7%9e%d7%99%d7%93%d7%99%d7%9d-%d7%9c%d7%95%d7%9e%d7%93%d7%99%d7%9d-%d7%a2%d7%9c-%d7%a6%d7%91%d7%99-%d7%94%d7%99%d7%9d/,und,,,,,,error,0,,0,n,,"browserContext.newPage: Target page, context or browser has been closed"
https://coralworld.co.il/%d7%aa%d7%9e%d7%a0%d7%95%d7%9f/,https://coralworld.co.il/%d7%aa%d7%9e%d7%a0%d7%95%d7%9f/,und,,,,,,error,0,,0,n,,"browserContext.newPage: Target page, context or browser has been closed"
https://coralworld.co.il/%d7%aa%d7%9e%d7%a0%d7%95%d7%a0%d7%99%d7%9d-%d7%91%d7%a9%d7%9c%d7%9c-%d7%92%d7%93%d7%9c%d7%99%d7%9d/,https://coralworld.co.il/%d7%aa%d7%9e%d7%a0%d7%95%d7%a0%d7%99%d7%9d-%d7%91%d7%a9%d7%9c%d7%9c-%d7%92%d7%93%d7%9c%d7%99%d7%9d/,und,,,,,,error,0,,0,n,,"browserContext.newPage: Target page, context or browser has been closed"
https://coralworld.co.il/articles/page/2/,https://coralworld.co.il/articles/page/2/,und,,,,,,error,0,,0,n,,"browserContext.newPage: Target page, context or browser has been closed"
https://coralworld.co.il/articles/page/28/,https://coralworld.co.il/articles/page/28/,und,,,,,,error,0,,0,n,,"browserContext.newPage: Target page, context or browser has been closed"
https://coralworld.co.il/category/%d7%93%d7%a8%d7%95%d7%a9%d7%99%d7%9d-%d7%9c%d7%a4%d7%90%d7%a8%d7%a7-%d7%94%d7%9e%d7%a6%d7%a4%d7%94-%d7%94%d7%aa%d7%aa-%d7%99%d7%9e%d7%99/,https://coralworld.co.il/category/%d7%93%d7%a8%d7%95%d7%a9%d7%99%d7%9d-%d7%9c%d7%a4%d7%90%d7%a8%d7%a7-%d7%94%d7%9e%d7%a6%d7%a4%d7%94-%d7%94%d7%aa%d7%aa-%d7%99%d7%9e%d7%99/,und,,,,,,error,0,,0,n,,"browserContext.newPage: Target page, context or browser has been closed"
https://coralworld.co.il/category/%D7%93%D7%A8%D7%95%D7%A9%D7%99%D7%9D-%D7%9C%D7%A4%D7%90%D7%A8%D7%A7-%D7%94%D7%9E%D7%A6%D7%A4%D7%94-%D7%94%D7%AA%D7%AA-%D7%99%D7%9E%D7%99/page/2/,https://coralworld.co.il/category/%D7%93%D7%A8%D7%95%D7%A9%D7%99%D7%9D-%D7%9C%D7%A4%D7%90%D7%A8%D7%A7-%D7%94%D7%9E%D7%A6%D7%A4%D7%94-%D7%94%D7%AA%D7%AA-%D7%99%D7%9E%D7%99/page/2/,und,,,,,,error,0,,0,n,,"browserContext.newPage: Target page, context or browser has been closed"
https://coralworld.co.il/category/%D7%93%D7%A8%D7%95%D7%A9%D7%99%D7%9D-%D7%9C%D7%A4%D7%90%D7%A8%D7%A7-%D7%94%D7%9E%D7%A6%D7%A4%D7%94-%D7%94%D7%AA%D7%AA-%D7%99%D7%9E%D7%99/page/3/,https://coralworld.co.il/category/%D7%93%D7%A8%D7%95%D7%A9%D7%99%D7%9D-%D7%9C%D7%A4%D7%90%D7%A8%D7%A7-%D7%94%D7%9E%D7%A6%D7%A4%D7%94-%D7%94%D7%AA%D7%AA-%D7%99%D7%9E%D7%99/page/3/,und,,,,,,error,0,,0,n,,"browserContext.newPage: Target page, context or browser has been closed"
https://coralworld.co.il/category/%d7%97%d7%93%d7%a9%d7%95%d7%aa-%d7%94%d7%a4%d7%90%d7%a8%d7%a7/,https://coralworld.co.il/category/%d7%97%d7%93%d7%a9%d7%95%d7%aa-%d7%94%d7%a4%d7%90%d7%a8%d7%a7/,und,,,,,,error,0,,0,n,,"browserContext.newPage: Target page, context or browser has been closed"
https://coralworld.co.il/category/%D7%97%D7%93%D7%A9%D7%95%D7%AA-%D7%94%D7%A4%D7%90%D7%A8%D7%A7/page/2/,https://coralworld.co.il/category/%D7%97%D7%93%D7%A9%D7%95%D7%AA-%D7%94%D7%A4%D7%90%D7%A8%D7%A7/page/2/,und,,,,,,error,0,,0,n,,"browserContext.newPage: Target page, context or browser has been closed"
https://coralworld.co.il/category/%D7%97%D7%93%D7%A9%D7%95%D7%AA-%D7%94%D7%A4%D7%90%D7%A8%D7%A7/page/3/,https://coralworld.co.il/category/%D7%97%D7%93%D7%A9%D7%95%D7%AA-%D7%94%D7%A4%D7%90%D7%A8%D7%A7/page/3/,und,,,,,,error,0,,0,n,,"browserContext.newPage: Target page, context or browser has been closed"
https://coralworld.co.il/category/%d7%99%d7%9d-%d7%a9%d7%9c-%d7%a9%d7%90%d7%9c%d7%95%d7%aa/,https://coralworld.co.il/category/%d7%99%d7%9d-%d7%a9%d7%9c-%d7%a9%d7%90%d7%9c%d7%95%d7%aa/,und,,,,,,error,0,,0,n,,"browserContext.newPage: Target page, context or browser has been closed"
https://coralworld.co.il/category/%D7%99%D7%9D-%D7%A9%D7%9C-%D7%A9%D7%90%D7%9C%D7%95%D7%AA/page/2/,https://coralworld.co.il/category/%D7%99%D7%9D-%D7%A9%D7%9C-%D7%A9%D7%90%D7%9C%D7%95%D7%AA/page/2/,und,,,,,,error,0,,0,n,,"browserContext.newPage: Target page, context or browser has been closed"
https://coralworld.co.il/category/%d7%9e%d7%90%d7%9e%d7%a8%d7%99%d7%9d/,https://coralworld.co.il/category/%d7%9e%d7%90%d7%9e%d7%a8%d7%99%d7%9d/,und,,,,,,error,0,,0,n,,browserContext.cookies: Protocol error (Storage.getCookies): Failed to find browser context for id 76BD222ABBCC9DF7F8F895ED3D8050AC
https://coralworld.co.il/category/%d7%9e%d7%90%d7%9e%d7%a8%d7%99%d7%9d/%d7%90%d7%9c%d7%9e%d7%95%d7%92%d7%99%d7%9d/,https://coralworld.co.il/category/%d7%9e%d7%90%d7%9e%d7%a8%d7%99%d7%9d/%d7%90%d7%9c%d7%9e%d7%95%d7%92%d7%99%d7%9d/,und,,,,,,error,0,,0,n,,"browserContext.newPage: Target page, context or browser has been closed"
https://coralworld.co.il/category/%d7%9e%d7%90%d7%9e%d7%a8%d7%99%d7%9d/%d7%96%d7%a0%d7%99-%d7%93%d7%92%d7%99%d7%9d/,https://coralworld.co.il/category/%d7%9e%d7%90%d7%9e%d7%a8%d7%99%d7%9d/%d7%96%d7%a0%d7%99-%d7%93%d7%92%d7%99%d7%9d/,und,,,,,,error,0,,0,n,,"browserContext.newPage: Target page, context or browser has been closed"
https://coralworld.co.il/category/%d7%9e%d7%90%d7%9e%d7%a8%d7%99%d7%9d/%d7%9b%d7%a8%d7%99%d7%a9%d7%99%d7%9d/,https://coralworld.co.il/category/%d7%9e%d7%90%d7%9e%d7%a8%d7%99%d7%9d/%d7%9b%d7%a8%d7%99%d7%a9%d7%99%d7%9d/,und,,,,,,error,0,,0,n,,"browserContext.newPage: Target page, context or browser has been closed"
https://coralworld.co.il/category/%d7%9e%d7%90%d7%9e%d7%a8%d7%99%d7%9d/%d7%9e%d7%95%d7%93%d7%95%d7%96%d7%95%d7%aa/,https://coralworld.co.il/category/%d7%9e%d7%90%d7%9e%d7%a8%d7%99%d7%9d/%d7%9e%d7%95%d7%93%d7%95%d7%96%d7%95%d7%aa/,und,,,,,,error,0,,0,n,,"browserContext.newPage: Target page, context or browser has been closed"
https://coralworld.co.il/category/%D7%9E%D7%90%D7%9E%D7%A8%D7%99%D7%9D/page/2/,https://coralworld.co.il/category/%D7%9E%D7%90%D7%9E%D7%A8%D7%99%D7%9D/page/2/,und,,,,,,error,0,,0,n,,"browserContext.newPage: Target page, context or browser has been closed"
https://coralworld.co.il/category/%D7%9E%D7%90%D7%9E%D7%A8%D7%99%D7%9D/page/20/,https://coralworld.co.il/category/%D7%9E%D7%90%D7%9E%D7%A8%D7%99%D7%9D/page/20/,und,,,,,,error,0,,0,n,,"browserContext.newPage: Target page, context or browser has been closed"
https://coralworld.co.il/category/%d7%a4%d7%a2%d7%99%d7%9c%d7%95%d7%99%d7%95%d7%aa-%d7%9c%d7%99%d7%9c%d7%93%d7%99%d7%9d/,https://coralworld.co.il/category/%d7%a4%d7%a2%d7%99%d7%9c%d7%95%d7%99%d7%95%d7%aa-%d7%9c%d7%99%d7%9c%d7%93%d7%99%d7%9d/,und,,,,,,error,0,,0,n,,"browserContext.newPage: Target page, context or browser has been closed"
https://coralworld.co.il/category/%D7%A4%D7%A2%D7%99%D7%9C%D7%95%D7%99%D7%95%D7%AA-%D7%9C%D7%99%D7%9C%D7%93%D7%99%D7%9D/page/2/,https://coralworld.co.il/category/%D7%A4%D7%A2%D7%99%D7%9C%D7%95%D7%99%D7%95%D7%AA-%D7%9C%D7%99%D7%9C%D7%93%D7%99%D7%9D/page/2/,und,,,,,,error,0,,0,n,,"browserContext.newPage: Target page, context or browser has been closed"
https://coralworld.co.il/depths_creatures/%d7%93%d7%99%d7%95%d7%a0%d7%95%d7%9f-%d7%94%d7%96%d7%9b%d7%95%d7%9b%d7%99%d7%aa/,https://coralworld.co.il/depths_creatures/%d7%93%d7%99%d7%95%d7%a0%d7%95%d7%9f-%d7%94%d7%96%d7%9b%d7%95%d7%9b%d7%99%d7%aa/,und,,,,,,error,0,,0,n,,"browserContext.newPage: Target page, context or browser has been closed"
https://coralworld.co.il/depths_creatures/%d7%a4%d7%aa%d7%99%d7%95%d7%a0%d7%90%d7%99-%d7%94%d7%9e%d7%a2%d7%9e%d7%a7%d7%99%d7%9d/,https://coralworld.co.il/depths_creatures/%d7%a4%d7%aa%d7%99%d7%95%d7%a0%d7%90%d7%99-%d7%94%d7%9e%d7%a2%d7%9e%d7%a7%d7%99%d7%9d/,und,,,,,,error,0,,0,n,,"browserContext.newPage: Target page, context or browser has been closed"
https://coralworld.co.il/depths_creatures/%d7%a6%d7%99%d7%99%d7%93%d7%aa-%d7%94%d7%a4%d7%a8%d7%a4%d7%a8%d7%99%d7%9d/,https://coralworld.co.il/depths_creatures/%d7%a6%d7%99%d7%99%d7%93%d7%aa-%d7%94%d7%a4%d7%a8%d7%a4%d7%a8%d7%99%d7%9d/,und,,,,,,error,0,,0,n,,"browserContext.newPage: Target page, context or browser has been closed"
https://coralworld.co.il/elementor-3286/page/2/,https://coralworld.co.il/elementor-3286/page/2/,und,,,,,,error,0,,0,n,,"browserContext.newPage: Target page, context or browser has been closed"
https://coralworld.co.il/elementor-3286/page/28/,https://coralworld.co.il/elementor-3286/page/28/,und,,,,,,error,0,,0,n,,"browserContext.newPage: Target page, context or browser has been closed"
https://coralworld.co.il/product/%d7%9b%d7%a0%d7%99%d7%a1%d7%94-%d7%9c%d7%9e%d7%a6%d7%a4%d7%94-%d7%9b%d7%a0%d7%99%d7%a1%d7%94-%d7%9c%d7%90%d7%a7%d7%95%d7%95%d7%94-%d7%93%d7%95%d7%9d-%d7%9b%d7%95%d7%9c%d7%9c-%d7%9b%d7%95%d7%a1/,https://coralworld.co.il/product/%d7%9b%d7%a0%d7%99%d7%a1%d7%94-%d7%9c%d7%9e%d7%a6%d7%a4%d7%94-%d7%9b%d7%a0%d7%99%d7%a1%d7%94-%d7%9c%d7%90%d7%a7%d7%95%d7%95%d7%94-%d7%93%d7%95%d7%9d-%d7%9b%d7%95%d7%9c%d7%9c-%d7%9b%d7%95%d7%a1/,und,,,,,,error,0,,0,n,,"browserContext.newPage: Target page, context or browser has been closed"
https://coralworld.co.il/product/%d7%9b%d7%a8%d7%98%d7%99%d7%a1-%d7%9e%d7%a9%d7%95%d7%9c%d7%91-%d7%91%d7%94%d7%a0%d7%97%d7%94-%d7%94%d7%9e%d7%a6%d7%a4%d7%94-%d7%94%d7%aa%d7%aa-%d7%99%d7%9e%d7%99-%d7%90%d7%a7%d7%95%d7%95%d7%94/,https://coralworld.co.il/product/%d7%9b%d7%a8%d7%98%d7%99%d7%a1-%d7%9e%d7%a9%d7%95%d7%9c%d7%91-%d7%91%d7%94%d7%a0%d7%97%d7%94-%d7%94%d7%9e%d7%a6%d7%a4%d7%94-%d7%94%d7%aa%d7%aa-%d7%99%d7%9e%d7%99-%d7%90%d7%a7%d7%95%d7%95%d7%94/,und,,,,,,error,0,,0,n,,"browserContext.newPage: Target page, context or browser has been closed"
https://coralworld.co.il/product/%d7%9b%d7%a8%d7%98%d7%99%d7%a1-%d7%9e%d7%a9%d7%95%d7%9c%d7%91-%d7%91%d7%94%d7%a0%d7%97%d7%94-%d7%9b%d7%a0%d7%99%d7%a1%d7%94-%d7%9c%d7%9e%d7%a6%d7%a4%d7%94-%d7%90%d7%a7%d7%95%d7%95%d7%94-%d7%93%d7%95/,https://coralworld.co.il/product/%d7%9b%d7%a8%d7%98%d7%99%d7%a1-%d7%9e%d7%a9%d7%95%d7%9c%d7%91-%d7%91%d7%94%d7%a0%d7%97%d7%94-%d7%9b%d7%a0%d7%99%d7%a1%d7%94-%d7%9c%d7%9e%d7%a6%d7%a4%d7%94-%d7%90%d7%a7%d7%95%d7%95%d7%94-%d7%93%d7%95/,und,,,,,,error,0,,0,n,,"browserContext.newPage: Target page, context or browser has been closed"
https://coralworld.co.il/product/%d7%a1%d7%99%d7%95%d7%a8-vip-%d7%a4%d7%a8%d7%98%d7%99-%d7%91%d7%9e%d7%a6%d7%a4%d7%94-%d7%a2%d7%93-8-%d7%90%d7%a0%d7%a9%d7%99%d7%9d/,https://coralworld.co.il/product/%d7%a1%d7%99%d7%95%d7%a8-vip-%d7%a4%d7%a8%d7%98%d7%99-%d7%91%d7%9e%d7%a6%d7%a4%d7%94-%d7%a2%d7%93-8-%d7%90%d7%a0%d7%a9%d7%99%d7%9d/,und,,,,,,error,0,,0,n,,"browserContext.newPage: Target page, context or browser has been closed"
https://coralworld.co.il/product/%d7%a6%d7%9c%d7%99%d7%9c%d7%94-%d7%a2%d7%9d-%d7%9b%d7%a8%d7%99%d7%a9%d7%99%d7%9d-%d7%9c%d7%91%d7%a2%d7%9c%d7%99-%d7%a8%d7%99%d7%a9%d7%99%d7%95%d7%9f-%d7%95%d7%91%d7%99%d7%98%d7%95%d7%97-%d7%9b%d7%95/,https://coralworld.co.il/product/%d7%a6%d7%9c%d7%99%d7%9c%d7%94-%d7%a2%d7%9d-%d7%9b%d7%a8%d7%99%d7%a9%d7%99%d7%9d-%d7%9c%d7%91%d7%a2%d7%9c%d7%99-%d7%a8%d7%99%d7%a9%d7%99%d7%95%d7%9f-%d7%95%d7%91%d7%99%d7%98%d7%95%d7%97-%d7%9b%d7%95/,und,,,,,,error,0,,0,n,,"browserContext.newPage: Target page, context or browser has been closed"
https://coralworld.co.il/rarefish/%d7%90%d7%91%d7%a0%d7%95%d7%9f/,https://coralworld.co.il/rarefish/%d7%90%d7%91%d7%a0%d7%95%d7%9f/,und,,,,,,error,0,,0,n,,"browserContext.newPage: Target page, context or browser has been closed"
https://coralworld.co.il/rarefish/%d7%96%d7%94%d7%a8%d7%95%d7%9f/,https://coralworld.co.il/rarefish/%d7%96%d7%94%d7%a8%d7%95%d7%9f/,und,,,,,,error,0,,0,n,,"browserContext.newPage: Target page, context or browser has been closed"
https://coralworld.co.il/rarefish/%d7%a1%d7%95%d7%a1%d7%95%d7%9f-%d7%99%d7%9d/,https://coralworld.co.il/rarefish/%d7%a1%d7%95%d7%a1%d7%95%d7%9f-%d7%99%d7%9d/,und,,,,,,error,0,,0,n,,"browserContext.newPage: Target page, context or browser has been closed"
https://coralworld.co.il/rarefish/%d7%a4%d7%96%d7%99%d7%aa-%d7%99%d7%9d-%d7%a1%d7%95%d7%a3/,https://coralworld.co.il/rarefish/%d7%a4%d7%96%d7%99%d7%aa-%d7%99%d7%9d-%d7%a1%d7%95%d7%a3/,und,,,,,,error,0,,0,n,,"browserContext.newPage: Target page, context or browser has been closed"
https://coralworld.co.il/rarefish/%d7%a4%d7%aa%d7%99%d7%95%d7%a0%d7%90%d7%99/,https://coralworld.co.il/rarefish/%d7%a4%d7%aa%d7%99%d7%95%d7%a0%d7%90%d7%99/,und,,,,,,error,0,,0,n,,"browserContext.newPage: Target page, context or browser has been closed"
https://coralworld.co.il/rarefish/%d7%aa%d7%9e%d7%a0%d7%95%d7%9f/,https://coralworld.co.il/rarefish/%d7%aa%d7%9e%d7%a0%d7%95%d7%9f/,und,,,,,,error,0,,0,n,,"browserContext.newPage: Target page, context or browser has been closed"
https://coralworld.co.il/red_sea_reef/%d7%a0%d7%aa%d7%97%d7%9f-%d7%a1%d7%92%d7%95%d7%9c/,https://coralworld.co.il/red_sea_reef/%d7%a0%d7%aa%d7%97%d7%9f-%d7%a1%d7%92%d7%95%d7%9c/,und,,,,,,error,0,,0,n,,"browserContext.newPage: Target page, context or browser has been closed"
https://coralworld.co.il/red_sea_reef/%d7%a4%d7%99%d7%a7%d7%a1%d7%95%d7%9f/,https://coralworld.co.il/red_sea_reef/%d7%a4%d7%99%d7%a7%d7%a1%d7%95%d7%9f/,und,,,,,,error,0,,0,n,,"browserContext.newPage: Target page, context or browser has been closed"
https://coralworld.co.il/red_sea_reef/%d7%a4%d7%a8%d7%a4%d7%a8%d7%95%d7%9f-%d7%94%d7%97%d7%95%d7%98/,https://coralworld.co.il/red_sea_reef/%d7%a4%d7%a8%d7%a4%d7%a8%d7%95%d7%9f-%d7%94%d7%97%d7%95%d7%98/,und,,,,,,error,0,,0,n,,"browserContext.newPage: Target page, context or browser has been closed"
https://coralworld.co.il/red_sea_reef/%d7%a9%d7%95%d7%a9%d7%a0%d7%95%d7%9f/,https://coralworld.co.il/red_sea_reef/%d7%a9%d7%95%d7%a9%d7%a0%d7%95%d7%9f/,und,,,,,,error,0,,0,n,,"browserContext.newPage: Target page, context or browser has been closed"
https://coralworld.co.il/sharks_world/%d7%9b%d7%a8%d7%99%d7%a9-%d7%92%d7%93%d7%95%d7%9c-%d7%a9%d7%9f/,https://coralworld.co.il/sharks_world/%d7%9b%d7%a8%d7%99%d7%a9-%d7%92%d7%93%d7%95%d7%9c-%d7%a9%d7%9f/,und,,,,,,error,0,,0,n,,"browserContext.newPage: Target page, context or browser has been closed"
https://coralworld.co.il/tag/%d7%94%d7%95%d7%9c%d7%95%d7%92%d7%a8%d7%9e%d7%94/,https://coralworld.co.il/tag/%d7%94%d7%95%d7%9c%d7%95%d7%92%d7%a8%d7%9e%d7%94/,und,,,,,,error,0,,0,n,,"browserContext.newPage: Target page, context or browser has been closed"
https://coralworld.co.il/tag/%d7%96%d7%94%d7%a8%d7%95%d7%9f/,https://coralworld.co.il/tag/%d7%96%d7%94%d7%a8%d7%95%d7%9f/,und,,,,,,error,0,,0,n,,"browserContext.newPage: Target page, context or browser has been closed"
https://coralworld.co.il/tag/%d7%9e%d7%93%d7%95%d7%96%d7%95%d7%aa-%d7%a9%d7%99%d7%a8%d7%90%d7%9c/,https://coralworld.co.il/tag/%d7%9e%d7%93%d7%95%d7%96%d7%95%d7%aa-%d7%a9%d7%99%d7%a8%d7%90%d7%9c/,und,,,,,,error,0,,0,n,,"browserContext.newPage: Target page, context or browser has been closed"
https://coralworld.co.il/tag/%d7%9e%d7%93%d7%95%d7%96%d7%95%d7%aa/,https://coralworld.co.il/tag/%d7%9e%d7%93%d7%95%d7%96%d7%95%d7%aa/,und,,,,,,error,0,,0,n,,"browserContext.newPage: Target page, context or browser has been closed"
https://coralworld.co.il/tickets/?step=2,https://coralworld.co.il/tickets/?step=2,und,,,,,,error,0,,0,n,,"browserContext.newPage: Target page, context or browser has been closed"
https://coralworld.co.il/turtles/%d7%a6%d7%91-%d7%99%d7%9d-%d7%a7%d7%a8%d7%a0%d7%99/,https://coralworld.co.il/turtles/%d7%a6%d7%91-%d7%99%d7%9d-%d7%a7%d7%a8%d7%a0%d7%99/,und,,,,,,error,0,,0,n,,"browserContext.newPage: Target page, context or browser has been closed"
https://coralworld.co.il/turtles/%d7%a6%d7%a0%d7%99%d7%a0%d7%99%d7%aa/,https://coralworld.co.il/turtles/%d7%a6%d7%a0%d7%99%d7%a0%d7%99%d7%aa/,und,,,,,,error,0,,0,n,,"browserContext.newPage: Target page, context or browser has been closed"
